Description,Throw Depth,Pass Location,Complete Pass
(12:04) (SHOTGUN) 10-B.NIX PASS SHORT MIDDLE TO 17-D.VELE TO CIN 20 FOR 16 YARDS (28-J.NEWTON).,Short,Middle,1
(13:18) (SHOTGUN) 10-B.NIX PASS SHORT LEFT TO 38-J.MCLAUGHLIN PUSHED OB AT CIN 38 FOR 3 YARDS (29-C.TAYLOR-BRITT).,Short,Left,1
(6:15) (SHOTGUN) 10-B.NIX PASS SHORT LEFT TO 19-M.MIMS PUSHED OB AT CIN 40 FOR 9 YARDS (28-J.NEWTON).,Short,Left,1
(12:55) (SHOTGUN) 10-B.NIX PASS SHORT LEFT TO 19-M.MIMS PUSHED OB AT LAC 1 FOR 1 YARD (7-K.FULTON).,Short,Left,1
(2:57) 10-B.NIX PASS SHORT LEFT TO 33-J.WILLIAMS TO DEN 46 FOR -6 YARDS (92-B.HILL).,Short,Left,1
"(:14) (SHOTGUN) 10-B.NIX PASS DEEP RIGHT TO 19-M.MIMS FOR 25 YARDS, TOUCHDOWN [52-C.JOHNSON]. THE REPLAY OFFICIAL REVIEWED THE PASS COMPLETION RULING, AND THE PLAY WAS UPHELD. THE RULING ON THE FIELD STANDS.",Deep,Right,1
(10:01) (SHOTGUN) 10-B.NIX PASS INCOMPLETE SHORT RIGHT TO 25-B.WATSON [45-T.TUIPULOTU].,Short,Right,0
"(5:54) (SHOTGUN) 10-B.NIX PASS DEEP RIGHT TO 14-C.SUTTON FOR 20 YARDS, TOUCHDOWN.",Deep,Right,1
(8:51) (SHOTGUN) 10-B.NIX PASS INCOMPLETE SHORT MIDDLE TO 16-T.FRANKLIN (90-G.STEWART).,Short,Middle,0
"(6:14) (NO HUDDLE, SHOTGUN) 10-B.NIX PASS INCOMPLETE DEEP LEFT TO 14-C.SUTTON. PENALTY ON IND-40-J.JONES, DEFENSIVE PASS INTERFERENCE, 10 YARDS, ENFORCED AT IND 23 - NO PLAY.",Deep,Left,0
(7:23) (SHOTGUN) 10-B.NIX PASS SHORT LEFT TO 19-M.MIMS TO IND 30 FOR 11 YARDS (45-E.SPEED).,Short,Left,1
(8:13) 10-B.NIX PASS INCOMPLETE SHORT RIGHT.,Short,Right,0
"(13:58) (SHOTGUN) 10-B.NIX PASS SHORT MIDDLE TO 45-N.ADKINS FOR 15 YARDS, TOUCHDOWN.",Short,Middle,1
(14:01) (SHOTGUN) 10-B.NIX PASS INCOMPLETE SHORT RIGHT TO 16-T.FRANKLIN.,Short,Right,0
(1:17) (SHOTGUN) 10-B.NIX PASS INCOMPLETE SHORT LEFT TO 14-C.SUTTON.,Short,Left,0
(1:25) (SHOTGUN) 10-B.NIX PASS INCOMPLETE DEEP RIGHT TO 14-C.SUTTON.,Deep,Right,0
(8:11) (SHOTGUN) 10-B.NIX PASS INCOMPLETE SHORT LEFT TO 14-C.SUTTON (40-J.JONES).,Short,Left,0
"(7:58) (SHOTGUN) 10-B.NIX PASS SHORT RIGHT TO 25-B.WATSON RAN OB AT LAC 6 FOR 13 YARDS (23-T.JEFFERSON). PENALTY ON LAC-23-T.JEFFERSON, UNNECESSARY ROUGHNESS, 3 YARDS, ENFORCED AT LAC 6.",Short,Right,1
(10:18) 10-B.NIX PASS SHORT RIGHT TO 45-N.ADKINS PUSHED OB AT LAC 24 FOR 13 YARDS (6-D.PERRYMAN).,Short,Right,1
"(5:34) (SHOTGUN) 10-B.NIX PASS SHORT MIDDLE TO 14-C.SUTTON FOR 2 YARDS, TOUCHDOWN.",Short,Middle,1
(15:00) (SHOTGUN) 10-B.NIX PASS SHORT LEFT TO 33-J.WILLIAMS TO LV 26 FOR 5 YARDS (7-T.MOEHRIG).,Short,Left,1
(1:03) (SHOTGUN) 10-B.NIX PASS SHORT LEFT TO 33-J.WILLIAMS TO LV 36 FOR 1 YARD (41-R.SPILLANE).,Short,Left,1
"(1:07) (NO HUDDLE, SHOTGUN) 10-B.NIX PASS INCOMPLETE SHORT MIDDLE TO 82-A.TRAUTMAN.",Short,Middle,0
(4:47) 10-B.NIX PASS SHORT LEFT TO 82-A.TRAUTMAN TO LV 11 FOR 3 YARDS (49-C.SNOWDEN).,Short,Left,1
(3:52) (SHOTGUN) 10-B.NIX PASS INCOMPLETE SHORT LEFT TO 38-J.MCLAUGHLIN.,Short,Left,0
(7:36) (SHOTGUN) 10-B.NIX PASS SHORT RIGHT TO 14-C.SUTTON PUSHED OB AT CLE 18 FOR 7 YARDS (12-R.MCLEOD).,Short,Right,1
(8:25) (SHOTGUN) 10-B.NIX PASS SHORT MIDDLE TO 85-L.KRULL TO CLE 25 FOR 5 YARDS (58-J.HICKS).,Short,Middle,1
"(9:03) (NO HUDDLE, SHOTGUN) 10-B.NIX PASS SHORT RIGHT TO 14-C.SUTTON TO CLE 30 FOR 17 YARDS (23-M.EMERSON).",Short,Right,1
(5:34) (SHOTGUN) 10-B.NIX PASS SHORT LEFT TO 14-C.SUTTON PUSHED OB AT CLE 18 FOR 8 YARDS (23-M.EMERSON).,Short,Left,1
(5:36) 79-M.PEART REPORTED IN AS ELIGIBLE.  10-B.NIX PASS INCOMPLETE SHORT LEFT TO 17-D.VELE.,Short,Left,0
"(6:55) (NO HUDDLE) 10-B.NIX PASS SHORT RIGHT TO 38-J.MCLAUGHLIN FOR 9 YARDS, TOUCHDOWN.",Short,Right,1
"(12:34) (SHOTGUN) 10-B.NIX PASS SHORT LEFT TO 45-N.ADKINS FOR 3 YARDS, TOUCHDOWN.",Short,Left,1
"(13:33) (NO HUDDLE, SHOTGUN) 10-B.NIX PASS SHORT RIGHT TO 84-L.HUMPHREY TO CAR 2 FOR 6 YARDS (2-M.JACKSON).",Short,Right,1
(14:08) (SHOTGUN) 10-B.NIX PASS SHORT LEFT TO 17-D.VELE TO CAR 8 FOR 3 YARDS (26-C.SMITH-WADE).,Short,Left,1
(3:01) (SHOTGUN) 10-B.NIX PASS INCOMPLETE SHORT RIGHT TO 14-C.SUTTON (8-J.HORN).,Short,Right,0
(4:45) 10-B.NIX PASS INCOMPLETE DEEP RIGHT TO 33-J.WILLIAMS.,Deep,Right,0
"(5:27) (SHOTGUN) 10-B.NIX PASS SHORT RIGHT TO 14-C.SUTTON FOR 15 YARDS, TOUCHDOWN. THE REPLAY OFFICIAL REVIEWED THE PASS COMPLETION RULING, AND THE PLAY WAS UPHELD. THE RULING ON THE FIELD STANDS.",Short,Right,1
(6:45) (SHOTGUN) 10-B.NIX PASS SHORT RIGHT TO 33-J.WILLIAMS TO LAC 21 FOR 5 YARDS (0-D.HENLEY).,Short,Right,1
(6:49) (SHOTGUN) 10-B.NIX PASS INCOMPLETE SHORT MIDDLE TO 16-T.FRANKLIN (32-A.GILMAN).,Short,Middle,0
"(6:53) (NO HUDDLE, SHOTGUN) 10-B.NIX PASS INCOMPLETE DEEP LEFT TO 14-C.SUTTON.",Deep,Left,0
"(7:15) (NO HUDDLE, SHOTGUN) 10-B.NIX PASS SHORT MIDDLE TO 17-D.VELE TO LAC 26 FOR 17 YARDS (22-E.MOLDEN, 32-A.GILMAN).",Short,Middle,1
"(10:11) (NO HUDDLE, SHOTGUN) 10-B.NIX PASS SHORT MIDDLE TO 16-T.FRANKLIN FOR 2 YARDS, TOUCHDOWN.",Short,Middle,1
(10:49) (SHOTGUN) 10-B.NIX PASS SHORT MIDDLE TO 17-D.VELE TO LAC 2 FOR 37 YARDS (29-T.STILL; 32-A.GILMAN).,Short,Middle,1
(11:36) (SHOTGUN) 10-B.NIX PASS SHORT LEFT TO 14-C.SUTTON TO LAC 39 FOR 10 YARDS (32-A.GILMAN; 24-A.FINLEY).,Short,Left,1
(12:15) (SHOTGUN) 10-B.NIX PASS SHORT RIGHT TO 33-J.WILLIAMS TO LAC 49 FOR -2 YARDS (3-D.JAMES).,Short,Right,1
"(12:18) (NO HUDDLE, SHOTGUN) 10-B.NIX PASS INCOMPLETE SHORT RIGHT TO 17-D.VELE (3-D.JAMES).",Short,Right,0
"(7:35) (NO HUDDLE, SHOTGUN) 10-B.NIX PASS SHORT RIGHT TO 33-J.WILLIAMS TO NO 29 FOR 6 YARDS (56-D.DAVIS).",Short,Right,1
"(12:40) (NO HUDDLE, SHOTGUN) 10-B.NIX PASS INCOMPLETE SHORT MIDDLE TO 82-A.TRAUTMAN.",Short,Middle,0
(12:47) 10-B.NIX PASS INCOMPLETE DEEP LEFT TO 16-T.FRANKLIN.,Deep,Left,0
(12:52) (SHOTGUN) 10-B.NIX PASS INCOMPLETE DEEP LEFT TO 85-L.KRULL.,Deep,Left,0
"(6:42) (SHOTGUN) 10-B.NIX PASS SHORT RIGHT TO 17-D.VELE TO NO 34 FOR 13 YARDS (36-R.PAYTON; 56-D.DAVIS). PENALTY ON DEN-74-B.POWERS, INELIGIBLE DOWNFIELD PASS, 5 YARDS, ENFORCED AT NO 47 - NO PLAY.",Short,Right,1
(1:46) (SHOTGUN) 10-B.NIX PASS INCOMPLETE DEEP LEFT TO 16-T.FRANKLIN.,Deep,Left,0
"(7:01) (SHOTGUN) 10-B.NIX PASS SHORT RIGHT TO 38-J.MCLAUGHLIN FOR 4 YARDS, TOUCHDOWN. THE REPLAY OFFICIAL REVIEWED THE RUNNER WAS INBOUNDS RULING, AND THE PLAY WAS UPHELD. THE RULING ON THE FIELD STANDS.",Short,Right,1
"(8:50) (NO HUDDLE, SHOTGUN) 10-B.NIX PASS SHORT RIGHT TO 84-L.HUMPHREY PUSHED OB AT LV 3 FOR 27 YARDS (20-I.POLA-MAO).",Short,Right,1
"(:17) (NO HUDDLE, SHOTGUN) 10-B.NIX PASS DEEP RIGHT TO 84-L.HUMPHREY PUSHED OB AT LV 22 FOR 21 YARDS (7-T.MOEHRIG). PENALTY ON LV-18-J.JONES, ILLEGAL CONTACT, DECLINED.",Deep,Right,1
(13:49) (SHOTGUN) 10-B.NIX PASS SHORT RIGHT TO 38-J.MCLAUGHLIN TO LV 46 FOR 4 YARDS (44-K.CHAISSON; 41-R.SPILLANE).,Short,Right,1
(3:19) (SHOTGUN) 10-B.NIX PASS INCOMPLETE SHORT LEFT TO 14-C.SUTTON.,Short,Left,0
"(5:32) (SHOTGUN) 10-B.NIX PASS INCOMPLETE SHORT LEFT TO 38-J.MCLAUGHLIN. ** INJURY UPDATE: NYJ-98-B.HECTOR HAS RETURNED TO THE GAME.  PENALTY ON NYJ-99-W.MCDONALD, DEFENSIVE OFFSIDE, 5 YARDS, ENFORCED AT NYJ 33 - NO PLAY.",Short,Left,0
"(5:37) (NO HUDDLE, SHOTGUN) 10-B.NIX PASS INCOMPLETE SHORT MIDDLE TO 84-L.HUMPHREY. PENALTY ON NYJ-30-M.CARTER, DEFENSIVE PASS INTERFERENCE, 14 YARDS, ENFORCED AT NYJ 47 - NO PLAY.",Short,Middle,0
(13:02) (SHOTGUN) 10-B.NIX PASS INCOMPLETE SHORT RIGHT TO 33-J.WILLIAMS.,Short,Right,0
(13:44) (SHOTGUN) 10-B.NIX PASS INCOMPLETE DEEP LEFT TO 14-C.SUTTON [93-T.MCKINLEY].,Deep,Left,0
"(13:49) (SHOTGUN) 10-B.NIX PASS INCOMPLETE SHORT LEFT TO 14-C.SUTTON. PENALTY ON DEN-74-B.POWERS, INELIGIBLE DOWNFIELD PASS, DECLINED.",Short,Left,0
"(14:08) 10-B.NIX PASS SHORT LEFT TO 33-J.WILLIAMS PUSHED OB AT NYJ 28 FOR 2 YARDS (56-QI.WILLIAMS). PENALTY ON DEN-16-T.FRANKLIN, OFFENSIVE PASS INTERFERENCE, 10 YARDS, ENFORCED AT NYJ 30 - NO PLAY.",Short,Left,1
"(6:03) (NO HUDDLE, SHOTGUN) 10-B.NIX PASS SHORT RIGHT TO 38-J.MCLAUGHLIN TO IND 26 FOR 2 YARDS (33-S.WOMACK).",Short,Right,1
(15:00) (SHOTGUN) 10-B.NIX PASS INCOMPLETE SHORT RIGHT TO 14-C.SUTTON (27-Z.MCCOLLUM) [43-C.BRASWELL].,Short,Right,0
"(:20) (SHOTGUN) 10-B.NIX PASS SHORT RIGHT TO 80-G.DULCICH TO TB 16 FOR 4 YARDS (27-Z.MCCOLLUM). PENALTY ON TB-0-Y.DIABY, DEFENSIVE OFFSIDE, 5 YARDS, ENFORCED AT TB 20 - NO PLAY.",Short,Right,1
"(:44) (SHOTGUN) 10-B.NIX PASS SHORT RIGHT TO 33-J.WILLIAMS TO TB 31 FOR -6 YARDS (29-C.IZIEN, 54-L.DAVID). PENALTY ON TB-9-J.TRYON, DEFENSIVE OFFSIDE, 5 YARDS, ENFORCED AT TB 25 - NO PLAY.",Short,Right,1
(1:33) (SHOTGUN) 10-B.NIX PASS INCOMPLETE SHORT LEFT TO 14-C.SUTTON (95-C.BREWER).,Short,Left,0
"(13:53) (NO HUDDLE, SHOTGUN) 10-B.NIX PASS SHORT LEFT TO 14-C.SUTTON PUSHED OB AT TB 24 FOR 6 YARDS (35-J.DEAN).",Short,Left,1
(14:19) (SHOTGUN) 10-B.NIX PASS DEEP LEFT TO 14-C.SUTTON TO TB 30 FOR 17 YARDS (35-J.DEAN).,Deep,Left,1
"(11:52) (SHOTGUN) 10-B.NIX PASS SHORT LEFT TO 33-J.WILLIAMS TO TB 3 FOR 11 YARDS (35-J.DEAN, 23-T.SMITH).",Short,Left,1
(13:47) (SHOTGUN) 10-B.NIX PASS DEEP RIGHT TO 11-J.REYNOLDS TO TB 11 FOR 31 YARDS (27-Z.MCCOLLUM).,Deep,Right,1
"(1:24) 10-B.NIX TO KC 41 FOR -1 YARDS. FUMBLES, AND RECOVERS AT KC 42. 10-B.NIX PASS INCOMPLETE SHORT RIGHT [23-D.TRANQUILL].",Short,Right,0
"(1:21) (SHOTGUN) 10-B.NIX PASS SHORT RIGHT TO 16-T.FRANKLIN TO KC 38 FOR 2 YARDS (27-C.CONNER). PENALTY ON DEN-60-L.WATTENBERG, INELIGIBLE DOWNFIELD PASS, 5 YARDS, ENFORCED AT KC 40 - NO PLAY.",Short,Right,1
(:53) (SHOTGUN) 10-B.NIX PASS SHORT LEFT TO 82-A.TRAUTMAN PUSHED OB AT KC 11 FOR 34 YARDS (6-B.COOK).,Short,Left,1
(15:00) (SHOTGUN) 10-B.NIX PASS SHORT LEFT TO 19-M.MIMS TO KC 6 FOR 4 YARDS (23-D.TRANQUILL).,Short,Left,1
(11:37) (NO HUDDLE) 10-B.NIX PASS SHORT RIGHT TO 38-J.MCLAUGHLIN PUSHED OB AT BUF 14 FOR NO GAIN (39-C.LEWIS). BUF-39-C.LEWIS WAS INJURED DURING THE PLAY.,Short,Right,1
(12:06) (SHOTGUN) 10-B.NIX PASS SHORT RIGHT TO 14-C.SUTTON TO BUF 14 FOR 11 YARDS (43-T.BERNARD; 7-TA.JOHNSON).,Short,Right,1
(12:11) (SHOTGUN) 10-B.NIX PASS INCOMPLETE SHORT RIGHT TO 17-D.VELE.,Short,Right,0
"(13:44) (NO HUDDLE, SHOTGUN) 10-B.NIX PASS SHORT RIGHT TO 16-T.FRANKLIN TO BUF 33 FOR 11 YARDS (47-C.BENFORD).",Short,Right,1
(8:42) (SHOTGUN) 10-B.NIX PASS INCOMPLETE DEEP LEFT TO 14-C.SUTTON [40-V.MILLER].,Deep,Left,0
(9:24) (SHOTGUN) 10-B.NIX PASS SHORT RIGHT TO 19-M.MIMS TO BUF 39 FOR -3 YARDS (43-T.BERNARD).,Short,Right,1
"(12:43) (NO HUDDLE, SHOTGUN) 10-B.NIX PASS DEEP RIGHT TO 16-T.FRANKLIN FOR 43 YARDS, TOUCHDOWN [94-D.SMOOT].",Deep,Right,1
"(5:43) (SHOTGUN) 10-B.NIX PASS SHORT RIGHT TO 38-J.MCLAUGHLIN TO KC 35 FOR 6 YARDS (13-N.JOHNSON, 55-J.UCHE).",Short,Right,1
"(:10) (NO HUDDLE, SHOTGUN) 10-B.NIX PASS INCOMPLETE SHORT RIGHT TO 33-J.WILLIAMS.",Short,Right,0
(:32) (SHOTGUN) 10-B.NIX PASS DEEP RIGHT TO 14-C.SUTTON TO KC 15 FOR 32 YARDS (13-N.JOHNSON).,Deep,Right,1
"(4:59) 10-B.NIX PASS SHORT MIDDLE TO 14-C.SUTTON FOR 10 YARDS, TOUCHDOWN.",Short,Middle,1
"(12:04) (SHOTGUN) 10-B.NIX PASS SHORT RIGHT TO 19-M.MIMS FOR 32 YARDS, TOUCHDOWN.",Short,Right,1
(13:25) (SHOTGUN) 10-B.NIX PASS SHORT RIGHT TO 17-D.VELE TO KC 42 FOR 5 YARDS (27-C.CONNER).,Short,Right,1
(6:17) (SHOTGUN) 10-B.NIX PASS INCOMPLETE DEEP RIGHT TO 16-T.FRANKLIN (33-S.WOMACK).,Deep,Right,0
(6:59) (SHOTGUN) 10-B.NIX PASS SHORT LEFT TO 19-M.MIMS PUSHED OB AT IND 29 FOR 6 YARDS (40-J.JONES; 97-L.LATU).,Short,Left,1
(14:20) (SHOTGUN) 10-B.NIX PASS DEEP RIGHT TO 14-C.SUTTON TO LAC 11 FOR 18 YARDS (23-T.JEFFERSON).,Deep,Right,1
(15:00) (SHOTGUN) 10-B.NIX PASS SHORT LEFT TO 14-C.SUTTON TO LAC 29 FOR 4 YARDS (7-K.FULTON).,Short,Left,1
(:12) (SHOTGUN) 10-B.NIX PASS SHORT LEFT TO 17-D.VELE PUSHED OB AT LAC 33 FOR 15 YARDS (36-J.TAYLOR).,Short,Left,1
(:15) (SHOTGUN) 10-B.NIX PASS INCOMPLETE SHORT RIGHT TO 33-J.WILLIAMS (52-K.MACK).,Short,Right,0
"(6:54) (NO HUDDLE) 10-B.NIX PASS SHORT RIGHT TO 17-D.VELE FOR 3 YARDS, TOUCHDOWN.",Short,Right,1
"(12:08) (SHOTGUN) 10-B.NIX PASS SHORT LEFT TO 14-C.SUTTON TO KC 36 FOR 5 YARDS (27-C.CONNER). PENALTY ON DEN-84-L.HUMPHREY, OFFENSIVE PASS INTERFERENCE, 10 YARDS, ENFORCED AT KC 41 - NO PLAY.",Short,Left,1
(12:46) (SHOTGUN) 10-B.NIX PASS SHORT RIGHT TO 19-M.MIMS TO KC 41 FOR 3 YARDS (30-C.ROLAND-WALLACE).,Short,Right,1
(13:28) (SHOTGUN) 10-B.NIX PASS SHORT LEFT TO 19-M.MIMS TO KC 44 FOR 3 YARDS (39-K.TAYLOR). ** INJURY UPDATE: DEN-84-L.HUMPHREY HAS RETURNED TO THE GAME.,Short,Left,1
(8:03) (SHOTGUN) 10-B.NIX PASS SHORT MIDDLE TO 45-N.ADKINS TO KC 9 FOR 5 YARDS (44-CA.JONES).,Short,Middle,1
(9:11) (SHOTGUN) 10-B.NIX PASS SHORT LEFT TO 16-T.FRANKLIN TO KC 15 FOR 5 YARDS (27-C.CONNER).,Short,Left,1
(10:34) 10-B.NIX PASS SHORT MIDDLE TO 33-J.WILLIAMS TO KC 24 FOR 12 YARDS (44-CA.JONES).,Short,Middle,1
"(2:54) (SHOTGUN) 10-B.NIX PASS SHORT RIGHT TO 19-M.MIMS FOR 7 YARDS, TOUCHDOWN.",Short,Right,1
"(3:39) (NO HUDDLE, SHOTGUN) 10-B.NIX PASS INCOMPLETE SHORT LEFT TO 14-C.SUTTON (2-J.WILLIAMS).",Short,Left,0
(4:08) 10-B.NIX PASS DEEP LEFT TO 17-D.VELE TO KC 10 FOR 32 YARDS (30-C.ROLAND-WALLACE).,Deep,Left,1
"(5:33) (SHOTGUN) 10-B.NIX PASS SHORT MIDDLE TO 82-A.TRAUTMAN FOR 13 YARDS, TOUCHDOWN.",Short,Middle,1
"(7:12) (NO HUDDLE, SHOTGUN) 10-B.NIX PASS SHORT MIDDLE INTENDED FOR 84-L.HUMPHREY INTERCEPTED BY 44-Z.FRANKLIN AT IND 26. 44-Z.FRANKLIN TO IND 30 FOR 4 YARDS (84-L.HUMPHREY).",Short,Middle,0
(2:02) (SHOTGUN) 10-B.NIX PASS INCOMPLETE SHORT RIGHT TO 17-D.VELE.,Short,Right,0
"(3:14) (SHOTGUN) 10-B.NIX PASS SHORT RIGHT TO 14-C.SUTTON FOR 6 YARDS, TOUCHDOWN.",Short,Right,1
(5:01) (SHOTGUN) 10-B.NIX PASS INCOMPLETE SHORT RIGHT TO 14-C.SUTTON.,Short,Right,0
"(5:38) (SHOTGUN) 10-B.NIX PASS SHORT RIGHT TO 19-M.MIMS TO CIN 32 FOR 8 YARDS (59-A.DAVIS-GAITHER; 28-J.NEWTON). FUMBLES (59-A.DAVIS-GAITHER), BALL OUT OF BOUNDS AT CIN 27.",Short,Right,1
(:21) (SHOTGUN) 10-B.NIX PASS SHORT LEFT TO 33-J.WILLIAMS TO CIN 25 FOR 6 YARDS (29-C.TAYLOR-BRITT).,Short,Left,1
"(:26) (NO HUDDLE, SHOTGUN) 10-B.NIX PASS INCOMPLETE DEEP LEFT TO 14-C.SUTTON.",Deep,Left,0
"(:49) (NO HUDDLE, SHOTGUN) 10-B.NIX PASS SHORT RIGHT TO 85-L.KRULL TO CIN 31 FOR 3 YARDS (21-M.HILTON).",Short,Right,1
"(12:22) 79-M.PEART REPORTED IN AS ELIGIBLE.  10-B.NIX PASS SHORT RIGHT TO 20-M.BURTON FOR 1 YARD, TOUCHDOWN.",Short,Right,1
"(4:11) (NO HUDDLE) 10-B.NIX PASS INCOMPLETE SHORT RIGHT TO 33-J.WILLIAMS. PENALTY ON CLE-9-G.DELPIT, DEFENSIVE HOLDING, 0 YARDS, ENFORCED AT CLE 1 - NO PLAY.",Short,Right,0
(9:16) (SHOTGUN) 10-B.NIX PASS SHORT RIGHT TO 19-M.MIMS TO LAC 23 FOR 8 YARDS (23-T.JEFFERSON; 97-J.BOSA).,Short,Right,1
(9:22) (SHOTGUN) 10-B.NIX PASS INCOMPLETE DEEP RIGHT TO 19-M.MIMS.,Deep,Right,0
(3:37) (SHOTGUN) 10-B.NIX PASS SHORT RIGHT TO 19-M.MIMS TO CLE 9 FOR 5 YARDS (94-D.TOMLINSON).,Short,Right,1
"(1:54) (SHOTGUN) 10-B.NIX PASS INCOMPLETE DEEP LEFT TO 14-C.SUTTON. PENALTY ON LV-25-D.RICHARDSON, DEFENSIVE PASS INTERFERENCE, 17 YARDS, ENFORCED AT LV 49 - NO PLAY.",Deep,Left,0
(2:00) 79-M.PEART REPORTED IN AS ELIGIBLE.  10-B.NIX PASS INCOMPLETE SHORT LEFT TO 33-J.WILLIAMS.,Short,Left,0
(12:08) (SHOTGUN) 79-M.PEART REPORTED IN AS ELIGIBLE.  10-B.NIX PASS DEEP MIDDLE TO 17-D.VELE TO LV 26 FOR 24 YARDS (25-D.RICHARDSON).,Medium,Middle,1
"(2:58) (SHOTGUN) 10-B.NIX PASS INCOMPLETE SHORT RIGHT. PENALTY ON DEN-60-L.WATTENBERG, INELIGIBLE DOWNFIELD PASS, DECLINED.",Short,Right,0
(5:59) 10-B.NIX PASS SHORT RIGHT TO 20-M.BURTON PUSHED OB AT LV 32 FOR 8 YARDS (41-R.SPILLANE).,Short,Right,1
(2:16) 10-B.NIX PASS INCOMPLETE SHORT RIGHT.,Short,Right,0
(6:19) (SHOTGUN) 10-B.NIX PASS SHORT LEFT TO 19-M.MIMS PUSHED OB AT LV 2 FOR 37 YARDS (20-I.POLA-MAO).,Short,Left,1
(12:13) (SHOTGUN) 10-B.NIX PASS INCOMPLETE SHORT LEFT TO 38-J.MCLAUGHLIN (7-T.MOEHRIG).,Short,Left,0
(14:12) (SHOTGUN) 10-B.NIX PASS SHORT RIGHT TO 17-D.VELE RAN OB AT LV 21 FOR 5 YARDS.,Short,Right,1
"(10:53) (SHOTGUN) 10-B.NIX PASS DEEP RIGHT TO 14-C.SUTTON FOR 18 YARDS, TOUCHDOWN.",Deep,Right,1
"(10:36) (SHOTGUN) 10-B.NIX PASS SHORT LEFT TO 45-N.ADKINS FOR 12 YARDS, TOUCHDOWN.",Short,Left,1
"(10:56) (SHOTGUN) 10-B.NIX PASS SHORT LEFT TO 17-D.VELE TO ATL 24 FOR 8 YARDS (22-C.PHILLIPS). PENALTY ON ATL-27-R.GRANT, UNNECESSARY ROUGHNESS, 12 YARDS, ENFORCED AT ATL 24.",Short,Left,1
(12:17) (SHOTGUN) 10-B.NIX PASS SHORT MIDDLE TO 17-D.VELE TO ATL 34 FOR 14 YARDS (22-C.PHILLIPS).,Short,Middle,1
(7:03) (SHOTGUN) 10-B.NIX PASS SHORT MIDDLE TO 14-C.SUTTON TO ATL 14 FOR 6 YARDS (55-K.ELLISS).,Short,Middle,1
(7:49) 10-B.NIX PASS SHORT LEFT TO 33-J.WILLIAMS TO ATL 20 FOR 15 YARDS (31-J.SIMMONS; 24-A.TERRELL).,Short,Left,1
"(9:12) 10-B.NIX PASS SHORT LEFT TO 84-L.HUMPHREY FOR 41 YARDS, TOUCHDOWN.",Short,Left,1
(13:54) (SHOTGUN) 10-B.NIX PASS SHORT RIGHT TO 84-L.HUMPHREY PUSHED OB AT ATL 27 FOR 1 YARD (15-M.JUDON).,Short,Right,1
(15:00) 10-B.NIX PASS SHORT LEFT TO 33-J.WILLIAMS TO ATL 26 FOR 4 YARDS (53-N.LANDMAN).,Short,Left,1
"(6:21) (NO HUDDLE, SHOTGUN) 10-B.NIX PASS SHORT LEFT TO 23-A.ESTIME TO ATL 43 FOR NO GAIN (53-N.LANDMAN).",Short,Left,1
"(7:40) (SHOTGUN) 10-B.NIX PASS SHORT LEFT TO 23-A.ESTIME PUSHED OB AT ATL 33 FOR 10 YARDS (53-N.LANDMAN). PENALTY ON DEN-72-G.BOLLES, UNNECESSARY ROUGHNESS, 15 YARDS, ENFORCED AT ATL 43 - NO PLAY.",Short,Left,1
"(9:09) (SHOTGUN) 10-B.NIX PASS SHORT RIGHT TO 16-T.FRANKLIN FOR 7 YARDS, TOUCHDOWN.",Short,Right,1
(9:51) 10-B.NIX PASS SHORT RIGHT TO 20-M.BURTON TO ATL 7 FOR -2 YARDS (55-K.ELLISS).,Short,Right,1
(10:33) (SHOTGUN) 10-B.NIX PASS SHORT LEFT TO 17-D.VELE TO ATL 5 FOR 11 YARDS (31-J.SIMMONS).,Short,Left,1
(10:38) 10-B.NIX PASS INCOMPLETE DEEP RIGHT TO 14-C.SUTTON [35-N.BROOKS].,Deep,Right,0
"(12:12) (SHOTGUN) 10-B.NIX PASS INCOMPLETE SHORT MIDDLE TO 84-L.HUMPHREY (3-J.BATES). THE REPLAY OFFICIAL REVIEWED THE INCOMPLETE PASS RULING, AND THE PLAY WAS REVERSED. (SHOTGUN) 10-B.NIX PASS SHORT MIDDLE TO 84-L.HUMPHREY TO ATL 29 FOR 9 YARDS (3-J.BATES; 35-N.BROOKS). FUMBLES (3-J.BATES), AND RECOVERS AT ATL 30.",Short,Middle,0
(12:17) 79-M.PEART REPORTED IN AS ELIGIBLE.  10-B.NIX PASS INCOMPLETE SHORT MIDDLE TO 82-A.TRAUTMAN (3-J.BATES).,Short,Middle,0
"(:30) (SHOTGUN) 10-B.NIX PASS SHORT RIGHT TO 19-M.MIMS FOR 12 YARDS, TOUCHDOWN.",Short,Right,1
(:41) (SHOTGUN) 10-B.NIX PASS SHORT MIDDLE TO 14-C.SUTTON TO ATL 12 FOR 7 YARDS (55-K.ELLISS).,Short,Middle,1
(1:34) (SHOTGUN) 10-B.NIX PASS SHORT LEFT TO 16-T.FRANKLIN TO ATL 11 FOR 8 YARDS (53-N.LANDMAN).,Short,Left,1
(1:42) (SHOTGUN) 10-B.NIX PASS SHORT RIGHT TO 14-C.SUTTON TO ATL 19 FOR 7 YARDS (3-J.BATES; 24-A.TERRELL).,Short,Right,1
(1:51) 10-B.NIX PASS SHORT RIGHT TO 14-C.SUTTON TO ATL 26 FOR 8 YARDS (27-R.GRANT).,Short,Right,1
(1:57) (SHOTGUN) 10-B.NIX PASS INCOMPLETE SHORT RIGHT [55-K.ELLISS].,Short,Right,0
(1:53) (SHOTGUN) 10-B.NIX PASS SHORT RIGHT TO 14-C.SUTTON TO KC 17 FOR 13 YARDS (22-T.MCDUFFIE).,Short,Right,1
"(2:39) (NO HUDDLE, SHOTGUN) 10-B.NIX PASS SHORT LEFT TO 84-L.HUMPHREY TO KC 31 FOR 3 YARDS (6-B.COOK; 22-T.MCDUFFIE).",Short,Left,1
"(3:42) (NO HUDDLE, SHOTGUN) 10-B.NIX PASS SHORT RIGHT TO 14-C.SUTTON TO KC 40 FOR 6 YARDS (22-T.MCDUFFIE).",Short,Right,1
(1:01) (SHOTGUN) 10-B.NIX PASS INCOMPLETE SHORT LEFT TO 14-C.SUTTON.,Short,Left,0
(:09) (SHOTGUN) 10-B.NIX PASS INCOMPLETE DEEP MIDDLE TO 14-C.SUTTON.,Medium,Middle,0
(:14) (SHOTGUN) 10-B.NIX PASS INCOMPLETE DEEP LEFT TO 84-L.HUMPHREY.,Deep,Left,0
(:32) (SHOTGUN) 10-B.NIX PASS SHORT LEFT TO 17-D.VELE TO KC 37 FOR 13 YARDS (13-N.JOHNSON).,Short,Left,1
"(:38) (NO HUDDLE, SHOTGUN) 10-B.NIX PASS INCOMPLETE SHORT RIGHT.",Short,Right,0
"(6:45) 79-M.PEART REPORTED IN AS ELIGIBLE.  10-B.NIX PASS DEEP LEFT TO 14-C.SUTTON FOR 32 YARDS, TOUCHDOWN.",Deep,Left,1
"(8:05) (NO HUDDLE, SHOTGUN) 10-B.NIX PASS SHORT RIGHT TO 14-C.SUTTON PUSHED OB AT KC 34 FOR 6 YARDS (22-T.MCDUFFIE).",Short,Right,1
"(14:23) (SHOTGUN) 10-B.NIX PASS SHORT MIDDLE TO 17-D.VELE FOR 6 YARDS, TOUCHDOWN.",Short,Middle,1
(15:00) (SHOTGUN) 10-B.NIX PASS INCOMPLETE DEEP LEFT TO 16-T.FRANKLIN.,Deep,Left,0
(:02) (SHOTGUN) 10-B.NIX PASS SHORT RIGHT TO 38-J.MCLAUGHLIN PUSHED OB AT BAL 33 FOR 5 YARDS (14-K.HAMILTON).,Short,Right,1
"(7:23) (NO HUDDLE, SHOTGUN) 10-B.NIX PASS SHORT MIDDLE TO 84-L.HUMPHREY TO BAL 44 FOR 6 YARDS (23-T.SIMPSON).",Short,Middle,1
"(2:21) (SHOTGUN) 10-B.NIX PASS SHORT RIGHT TO 14-C.SUTTON TO CAR 1 FOR 8 YARDS (2-M.JACKSON, 56-T.WALLACE). FUMBLES (56-T.WALLACE), RECOVERED BY CAR-99-S.TUTTLE AT CAR 2.",Short,Right,1
"(1:03) (SHOTGUN) 10-B.NIX PASS INCOMPLETE DEEP LEFT TO 16-T.FRANKLIN. PENALTY ON DEN, ILLEGAL FORMATION, DECLINED.",Deep,Left,0
(2:00) (SHOTGUN) 10-B.NIX PASS SHORT RIGHT TO 19-M.MIMS TO BAL 19 FOR 4 YARDS (14-K.HAMILTON; 96-B.WASHINGTON).,Short,Right,1
(2:00) (SHOTGUN) 10-B.NIX PASS SHORT RIGHT TO 14-C.SUTTON TO BAL 1 FOR 9 YARDS (2-N.WIGGINS; 29-A.WASHINGTON).,Short,Right,1
"(3:29) (NO HUDDLE, SHOTGUN) 10-B.NIX PASS INCOMPLETE SHORT LEFT TO 14-C.SUTTON (29-A.WASHINGTON).",Short,Left,0
(8:15) (SHOTGUN) 10-B.NIX PASS INCOMPLETE SHORT LEFT TO 14-C.SUTTON.,Short,Left,0
(9:11) (NO HUDDLE) 10-B.NIX PASS INCOMPLETE SHORT LEFT TO 84-L.HUMPHREY (44-M.HUMPHREY).,Short,Left,0
"(10:59) (NO HUDDLE, SHOTGUN) 10-B.NIX PASS SHORT RIGHT TO 14-C.SUTTON TO BAL 16 FOR 18 YARDS (32-M.WILLIAMS) [95-T.ROBINSON].",Short,Right,1
"(11:31) (NO HUDDLE, SHOTGUN) 10-B.NIX PASS SHORT MIDDLE TO 84-L.HUMPHREY TO BAL 34 FOR 5 YARDS (40-M.HARRISON).",Short,Middle,1
(12:09) (SHOTGUN) 10-B.NIX PASS SHORT RIGHT TO 14-C.SUTTON TO BAL 39 FOR NO GAIN (23-T.SIMPSON).,Short,Right,1
"(12:14) (SHOTGUN) 10-B.NIX PASS INCOMPLETE DEEP LEFT TO 16-T.FRANKLIN. PENALTY ON BAL-44-M.HUMPHREY, ILLEGAL CONTACT, 5 YARDS, ENFORCED AT BAL 44 - NO PLAY.",Deep,Left,0
(12:18) (SHOTGUN) 10-B.NIX PASS INCOMPLETE SHORT LEFT TO 85-L.KRULL (95-T.ROBINSON).,Short,Left,0
"(7:21) (SHOTGUN) 14-C.SUTTON PASS SHORT RIGHT TO 10-B.NIX FOR 2 YARDS, TOUCHDOWN.",Short,Right,1
(7:26) 10-B.NIX PASS INCOMPLETE SHORT LEFT TO 84-L.HUMPHREY.,Short,Left,0
(7:32) (NO HUDDLE) 10-B.NIX PASS INCOMPLETE SHORT RIGHT [95-T.ROBINSON].,Short,Right,0
"(8:02) (NO HUDDLE, SHOTGUN) 10-B.NIX PASS INCOMPLETE SHORT LEFT TO 14-C.SUTTON. PENALTY ON BAL-21-B.STEPHENS, DEFENSIVE PASS INTERFERENCE, 10 YARDS, ENFORCED AT BAL 11 - NO PLAY.",Short,Left,0
"(8:27) (NO HUDDLE, SHOTGUN) 10-B.NIX PASS SHORT LEFT TO 14-C.SUTTON TO BAL 11 FOR 10 YARDS (21-B.STEPHENS).",Short,Left,1
(10:33) (SHOTGUN) 10-B.NIX PASS INCOMPLETE DEEP RIGHT TO 84-L.HUMPHREY (1-A.TAYLOR).,Deep,Right,0
(11:18) (SHOTGUN) 10-B.NIX PASS SHORT LEFT TO 16-T.FRANKLIN TO NO 20 FOR 4 YARDS (23-M.LATTIMORE).,Short,Left,1
(2:26) (NO HUDDLE) 10-B.NIX PASS INCOMPLETE SHORT RIGHT TO 84-L.HUMPHREY.,Short,Right,0
(2:59) 10-B.NIX PASS SHORT RIGHT TO 82-A.TRAUTMAN PUSHED OB AT CAR 8 FOR 12 YARDS (56-T.WALLACE).,Short,Right,1
(3:30) (SHOTGUN) 10-B.NIX PASS INCOMPLETE SHORT LEFT TO 14-C.SUTTON (8-J.HORN).,Short,Left,0
"(4:08) (NO HUDDLE, SHOTGUN) 10-B.NIX PASS SHORT LEFT TO 84-L.HUMPHREY TO CAR 30 FOR 2 YARDS (2-M.JACKSON).",Short,Left,1
(11:47) 10-B.NIX PASS SHORT LEFT TO 82-A.TRAUTMAN PUSHED OB AT LV 5 FOR 19 YARDS (34-T.HARPER).,Short,Left,1
"(8:19) 10-B.NIX PASS SHORT LEFT TO 11-J.REYNOLDS FOR 9 YARDS, TOUCHDOWN [49-C.SNOWDEN]. PENALTY ON LV-45-T.EICHENBERG, DEFENSIVE HOLDING, DECLINED. PENALTY ON LV-0-J.BENNETT, DEFENSIVE HOLDING, DECLINED.",Short,Left,1
"(8:44) (SHOTGUN) 10-B.NIX PASS DEEP LEFT TO 14-C.SUTTON PUSHED OB AT LV 9 FOR 24 YARDS (0-J.BENNETT). PENALTY ON LV-0-J.BENNETT, DEFENSIVE PASS INTERFERENCE, DECLINED.",Deep,Left,1
(:40) (SHOTGUN) 10-B.NIX PASS INCOMPLETE DEEP RIGHT TO 19-M.MIMS.,Deep,Right,0
(13:36) 10-B.NIX PASS INCOMPLETE SHORT RIGHT TO 82-A.TRAUTMAN.,Short,Right,0
"(:12) (SHOTGUN) 10-B.NIX PASS SHORT LEFT TO 16-T.FRANKLIN TO NO 17 FOR 12 YARDS (56-D.DAVIS, 1-A.TAYLOR).",Short,Left,1
(13:04) (SHOTGUN) 10-B.NIX PASS SHORT LEFT TO 33-J.WILLIAMS PUSHED OB AT LV 33 FOR 13 YARDS (41-R.SPILLANE).,Short,Left,1
(7:38) (SHOTGUN) 10-B.NIX PASS INCOMPLETE SHORT MIDDLE TO 14-C.SUTTON (27-Z.MCCOLLUM).,Short,Middle,0
"(1:03) (SHOTGUN) 10-B.NIX PASS SHORT LEFT TO 84-L.HUMPHREY TO TB 34 FOR 8 YARDS (8-S.DENNIS, 35-J.DEAN).",Short,Left,1
(10:04) (SHOTGUN) 10-B.NIX PASS SHORT RIGHT TO 16-T.FRANKLIN TO TB 25 FOR 5 YARDS (9-J.TRYON; 23-T.SMITH).,Short,Right,1
"(10:36) (SHOTGUN) 10-B.NIX PASS SHORT LEFT TO 33-J.WILLIAMS TO TB 16 FOR 7 YARDS (54-L.DAVID; 90-L.HALL). PENALTY ON DEN-74-B.POWERS, ILLEGAL BLOCK ABOVE THE WAIST, 10 YARDS, ENFORCED AT TB 20.",Short,Left,1
(11:19) (SHOTGUN) 10-B.NIX PASS SHORT LEFT TO 84-L.HUMPHREY TO TB 23 FOR 1 YARD (35-J.DEAN).,Short,Left,1
"(15:00) (SHOTGUN) 10-B.NIX PASS INCOMPLETE SHORT RIGHT. PENALTY ON DEN-84-L.HUMPHREY, OFFENSIVE PASS INTERFERENCE, 10 YARDS, ENFORCED AT LV 22 - NO PLAY. PENALTY ON DEN-77-Q.MEINERZ, INELIGIBLE DOWNFIELD PASS, DECLINED.",Short,Right,0
(2:32) (SHOTGUN) 10-B.NIX PASS INCOMPLETE SHORT MIDDLE TO 16-T.FRANKLIN (6-P.QUEEN).,Short,Middle,0
(3:17) (SHOTGUN) 10-B.NIX PASS SHORT MIDDLE TO 19-M.MIMS TO PIT 39 FOR 8 YARDS (39-M.FITZPATRICK).,Short,Middle,1
(10:49) (SHOTGUN) 10-B.NIX PASS INCOMPLETE SHORT MIDDLE TO 14-C.SUTTON (92-I.LOUDERMILK).,Short,Middle,0
"(11:35) (SHOTGUN) 10-B.NIX PASS SHORT RIGHT TO 28-T.BADIE TO PIT 16 FOR 2 YARDS (50-E.ROBERTS, 90-T.WATT).",Short,Right,1
(12:38) (SHOTGUN) 10-B.NIX PASS SHORT MIDDLE TO 11-J.REYNOLDS TO PIT 20 FOR 22 YARDS (27-C.TRICE).,Short,Middle,1
"(14:11) 10-B.NIX PASS INCOMPLETE SHORT LEFT. PENALTY ON DEN-72-G.BOLLES, OFFENSIVE HOLDING, 10 YARDS, ENFORCED AT PIT 46 - NO PLAY.",Short,Left,0
(2:01) (SHOTGUN) 10-B.NIX PASS INCOMPLETE SHORT RIGHT TO 14-C.SUTTON [97-CA.HEYWARD]. DEN-72-G.BOLLES WAS INJURED DURING THE PLAY. DEN-69-M.MCGLINCHEY WAS INJURED DURING THE PLAY.,Short,Right,0
"(2:03) (NO HUDDLE, SHOTGUN) 10-B.NIX PASS INCOMPLETE SHORT RIGHT TO 80-G.DULCICH.",Short,Right,0
(12:46) 10-B.NIX PASS INCOMPLETE SHORT RIGHT TO 33-J.WILLIAMS.,Short,Right,0
(5:37) (SHOTGUN) 10-B.NIX PASS SHORT RIGHT INTENDED FOR 14-C.SUTTON INTERCEPTED BY 27-T.WOOLEN AT SEA 34. 27-T.WOOLEN TO SEA 38 FOR 4 YARDS.,Short,Right,0
"(5:42) (NO HUDDLE, SHOTGUN) 10-B.NIX PASS INCOMPLETE DEEP LEFT TO 14-C.SUTTON.",Deep,Left,0
(2:00) (SHOTGUN) 10-B.NIX PASS INCOMPLETE SHORT MIDDLE TO 19-M.MIMS (0-T.DODSON).,Short,Middle,0
(8:51) (SHOTGUN) 10-B.NIX PASS INCOMPLETE SHORT MIDDLE TO 14-C.SUTTON.,Short,Middle,0
(11:34) (SHOTGUN) 10-B.NIX PASS DEEP LEFT INTENDED FOR 14-C.SUTTON INTERCEPTED BY 20-J.LOVE [99-L.WILLIAMS] AT SEA 1. 20-J.LOVE TO SEA 1 FOR NO GAIN (14-C.SUTTON).,Deep,Left,0
(12:15) (SHOTGUN) 10-B.NIX PASS SHORT RIGHT TO 38-J.MCLAUGHLIN TO SEA 21 FOR -2 YARDS (17-J.BAKER).,Short,Right,1
(12:51) (SHOTGUN) 10-B.NIX PASS SHORT RIGHT TO 17-D.VELE PUSHED OB AT SEA 19 FOR 3 YARDS (21-D.WITHERSPOON).,Short,Right,1
(6:17) (SHOTGUN) 10-B.NIX PASS SHORT MIDDLE INTENDED FOR 14-C.SUTTON INTERCEPTED BY 27-C.TRICE AT PIT -8. TOUCHBACK.,Short,Middle,0
"(3:04) (NO HUDDLE, SHOTGUN) 10-B.NIX PASS SHORT LEFT TO 33-J.WILLIAMS TO PIT 16 FOR 13 YARDS (25-D.ELLIOTT; 98-D.LEAL).",Short,Left,1
(3:28) (SHOTGUN) 10-B.NIX PASS SHORT MIDDLE TO 84-L.HUMPHREY TO PIT 29 FOR 13 YARDS (23-D.KAZEE).,Short,Middle,1
"(2:44) (NO HUDDLE, SHOTGUN) 10-B.NIX PASS SHORT LEFT TO 14-C.SUTTON TO SEA 4 FOR 10 YARDS (20-J.LOVE; 27-T.WOOLEN).",Short,Left,1
(14:26) 10-B.NIX PASS SHORT RIGHT TO 45-N.ADKINS TO TB 42 FOR 6 YARDS (0-Y.DIABY; 27-Z.MCCOLLUM).,Short,Right,1
(12:34) (SHOTGUN) 10-B.NIX PASS SHORT LEFT TO 16-T.FRANKLIN TO TB 14 FOR 6 YARDS (29-C.IZIEN; 35-J.DEAN).,Short,Left,1
(:33) (SHOTGUN) 10-B.NIX PASS SHORT LEFT TO 19-M.MIMS TO TB 20 FOR 9 YARDS (35-J.DEAN).,Short,Left,1
"(:15) (NO HUDDLE, SHOTGUN) 10-B.NIX PASS INCOMPLETE SHORT RIGHT TO 16-T.FRANKLIN.",Short,Right,0
(:11) (SHOTGUN) 10-B.NIX PASS INCOMPLETE SHORT RIGHT [43-C.BRASWELL].,Short,Right,0
(2:18) (SHOTGUN) 10-B.NIX PASS SHORT LEFT TO 14-C.SUTTON TO TB 21 FOR 8 YARDS (35-J.DEAN).,Short,Left,1
"(8:18) (SHOTGUN) 10-B.NIX PASS INCOMPLETE SHORT RIGHT TO 14-C.SUTTON. DENVER CHALLENGED THE INCOMPLETE PASS RULING, AND THE PLAY WAS UPHELD. THE RULING ON THE FIELD STANDS. (TIMEOUT #1.)",Short,Right,0
(7:47) (SHOTGUN) 10-B.NIX PASS INCOMPLETE DEEP RIGHT TO 16-T.FRANKLIN.,Deep,Right,0
"(3:12) (NO HUDDLE, SHOTGUN) 10-B.NIX PASS SHORT RIGHT TO 11-J.REYNOLDS TO SEA 14 FOR 5 YARDS (22-T.BROWN).",Short,Right,1
"(3:35) (NO HUDDLE, SHOTGUN) 10-B.NIX PASS SHORT RIGHT TO 11-J.REYNOLDS TO SEA 19 FOR 5 YARDS (22-T.BROWN) [53-B.MAFE].",Short,Right,1
(4:17) (SHOTGUN) 10-B.NIX PASS SHORT LEFT TO 14-C.SUTTON TO SEA 24 FOR 7 YARDS (17-J.BAKER).,Short,Left,1
(4:20) (SHOTGUN) 10-B.NIX PASS INCOMPLETE SHORT MIDDLE TO 11-J.REYNOLDS.,Short,Middle,0
(13:39) (SHOTGUN) 10-B.NIX PASS SHORT RIGHT TO 16-T.FRANKLIN TO NYJ 44 FOR -4 YARDS (4-D.REED).,Short,Right,1
"(3:13) (SHOTGUN) 10-B.NIX PASS SHORT RIGHT TO 14-C.SUTTON FOR 8 YARDS, TOUCHDOWN.",Short,Right,1
(1:42) 10-B.NIX PASS SHORT RIGHT TO 33-J.WILLIAMS TO NYJ 31 FOR 4 YARDS (44-J.SHERWOOD).,Short,Right,1
(13:58) (SHOTGUN) 10-B.NIX PASS SHORT RIGHT TO 38-J.MCLAUGHLIN TO LV 40 FOR -5 YARDS (18-J.JONES).,Short,Right,1
(9:38) (SHOTGUN) 10-B.NIX PASS DEEP RIGHT TO 16-T.FRANKLIN PUSHED OB AT NO 19 FOR 30 YARDS (14-K.MCKINSTRY).,Deep,Right,1
(8:15) (SHOTGUN) 10-B.NIX PASS SHORT LEFT TO 84-L.HUMPHREY TO NO 8 FOR 9 YARDS (1-A.TAYLOR).,Short,Left,1
(1:19) (SHOTGUN) 10-B.NIX PASS SHORT LEFT TO 85-L.KRULL PUSHED OB AT LAC 43 FOR 3 YARDS (24-A.FINLEY).,Short,Left,1
(8:27) (SHOTGUN) 10-B.NIX PASS INCOMPLETE SHORT RIGHT TO 85-L.KRULL (3-D.JAMES).,Short,Right,0
(8:21) (SHOTGUN) 10-B.NIX PASS INCOMPLETE SHORT LEFT TO 33-J.WILLIAMS.,Short,Left,0
(4:36) (SHOTGUN) 10-B.NIX PASS SHORT RIGHT TO 16-T.FRANKLIN TO CAR 43 FOR 6 YARDS (7-J.CLOWNEY).,Short,Right,1
"(9:08) (NO HUDDLE, SHOTGUN) 10-B.NIX PASS INCOMPLETE SHORT RIGHT TO 14-C.SUTTON.",Short,Right,0
(5:09) (SHOTGUN) 10-B.NIX PASS SHORT LEFT TO 45-N.ADKINS TO CLE 24 FOR 16 YARDS (23-M.EMERSON).,Short,Left,1
"(7:47) (NO HUDDLE, SHOTGUN) 10-B.NIX PASS DEEP RIGHT TO 82-A.TRAUTMAN RAN OB AT CAR 24 FOR 17 YARDS.",Deep,Right,1
(7:28) (SHOTGUN) 10-B.NIX PASS DEEP RIGHT INTENDED FOR 14-C.SUTTON INTERCEPTED BY 20-N.CROSS AT IND 22. 20-N.CROSS RAN OB AT IND 27 FOR 5 YARDS.,Medium,Right,0
(2:05) 10-B.NIX PASS SHORT LEFT TO 33-J.WILLIAMS TO IND 42 FOR -1 YARDS (44-Z.FRANKLIN). DEN-77-Q.MEINERZ WAS INJURED DURING THE PLAY.,Short,Left,1
(7:04) (SHOTGUN) 10-B.NIX PASS SHORT LEFT TO 16-T.FRANKLIN TO LV 39 FOR 5 YARDS (30-D.HOLMES; 25-D.RICHARDSON).,Short,Left,1
(6:23) (SHOTGUN) 10-B.NIX PASS INCOMPLETE SHORT LEFT TO 17-D.VELE.,Short,Left,0
"(1:08) (NO HUDDLE, SHOTGUN) 10-B.NIX PASS SHORT LEFT TO 33-J.WILLIAMS RAN OB AT LAC 37 FOR 11 YARDS (0-D.HENLEY).",Short,Left,1
(6:30) 10-B.NIX PASS INCOMPLETE SHORT RIGHT TO 33-J.WILLIAMS.,Short,Right,0
"(6:26) (SHOTGUN) 10-B.NIX PASS SHORT LEFT TO 17-D.VELE FOR 6 YARDS, TOUCHDOWN.",Short,Left,1
"(1:14) (NO HUDDLE, SHOTGUN) 10-B.NIX PASS SHORT MIDDLE TO 14-C.SUTTON TO CIN 34 FOR 14 YARDS (29-C.TAYLOR-BRITT) [91-T.HENDRICKSON].",Short,Middle,1
"(10:50) (NO HUDDLE, SHOTGUN) 10-B.NIX PASS SHORT RIGHT TO 14-C.SUTTON TO DEN 28 FOR 2 YARDS (21-J.HICKS).",Short,Right,1
(11:18) (SHOTGUN) 10-B.NIX PASS INCOMPLETE DEEP LEFT TO 14-C.SUTTON (21-J.HICKS).,Deep,Left,0
(11:43) (SHOTGUN) 10-B.NIX PASS SHORT RIGHT TO 33-J.WILLIAMS PUSHED OB AT KC 38 FOR 13 YARDS (13-N.JOHNSON).,Short,Right,1
(15:00) (SHOTGUN) 10-B.NIX PASS SHORT LEFT TO 45-N.ADKINS PUSHED OB AT KC 49 FOR 8 YARDS (55-J.UCHE).,Short,Left,1
(6:15) (SHOTGUN) 10-B.NIX PASS DEEP RIGHT TO 14-C.SUTTON TO KC 13 FOR 47 YARDS (13-N.JOHNSON).,Deep,Right,1
(4:31) 10-B.NIX PASS SHORT RIGHT TO 82-A.TRAUTMAN TO DEN 46 FOR 5 YARDS (28-J.NEWTON).,Short,Right,1
(:20) (SHOTGUN) 10-B.NIX PASS SHORT RIGHT TO 19-M.MIMS TO DEN 46 FOR 4 YARDS (57-G.PRATT).,Short,Right,1
(2:38) (SHOTGUN) 10-B.NIX PASS SHORT RIGHT TO 19-M.MIMS TO DEN 25 FOR -1 YARDS (28-J.NEWTON).,Short,Right,1
(1:26) (SHOTGUN) 10-B.NIX PASS SHORT MIDDLE TO 85-L.KRULL TO LAC 48 FOR 4 YARDS (23-T.JEFFERSON).,Short,Middle,1
(11:35) (SHOTGUN) 10-B.NIX PASS SHORT LEFT TO 20-M.BURTON TO DEN 48 FOR 13 YARDS (40-K.WILLIAMSON).,Short,Left,1
(13:40) (SHOTGUN) 10-B.NIX PASS SHORT RIGHT TO 16-T.FRANKLIN TO LAC 43 FOR 18 YARDS (23-T.JEFFERSON).,Short,Right,1
"(8:56) (SHOTGUN) 10-B.NIX PASS DEEP MIDDLE TO 19-M.MIMS FOR 51 YARDS, TOUCHDOWN.",Medium,Middle,1
(3:15) (SHOTGUN) 10-B.NIX PASS INCOMPLETE SHORT RIGHT TO 33-J.WILLIAMS.,Short,Right,0
(3:18) (SHOTGUN) 10-B.NIX PASS INCOMPLETE SHORT LEFT TO 14-C.SUTTON.,Short,Left,0
(3:57) (SHOTGUN) 10-B.NIX PASS SHORT LEFT TO 38-J.MCLAUGHLIN TO DEN 43 FOR 5 YARDS (90-G.STEWART).,Short,Left,1
(10:00) (SHOTGUN) 10-B.NIX PASS SHORT MIDDLE TO 33-J.WILLIAMS TO IND 45 FOR 9 YARDS (45-E.SPEED; 44-Z.FRANKLIN).,Short,Middle,1
"(:17) (NO HUDDLE, SHOTGUN) 10-B.NIX PASS INCOMPLETE SHORT MIDDLE TO 33-J.WILLIAMS.",Short,Middle,0
(:41) (SHOTGUN) 10-B.NIX PASS SHORT RIGHT TO 33-J.WILLIAMS TO DEN 15 FOR -3 YARDS (95-P.FORD).,Short,Right,1
"(3:11) (SHOTGUN) 10-B.NIX PASS SHORT MIDDLE TO 85-L.KRULL TO IND 43 FOR 8 YARDS (45-E.SPEED, 32-J.BLACKMON).",Short,Middle,1
(10:34) (SHOTGUN) 10-B.NIX PASS INCOMPLETE SHORT LEFT TO 17-D.VELE.,Short,Left,0
(13:18) 79-M.PEART REPORTED IN AS ELIGIBLE.  10-B.NIX PASS DEEP RIGHT INTENDED FOR 14-C.SUTTON INTERCEPTED BY 33-S.WOMACK AT IND 38. 33-S.WOMACK TO IND 38 FOR NO GAIN (14-C.SUTTON).,Deep,Right,0
(14:02) (SHOTGUN) 10-B.NIX PASS SHORT RIGHT TO 16-T.FRANKLIN TO DEN 44 FOR 3 YARDS (23-K.MOORE).,Short,Right,1
(12:11) (SHOTGUN) 10-B.NIX PASS INCOMPLETE SHORT MIDDLE TO 17-D.VELE (0-G.NEWSOME).,Short,Middle,0
"(13:37) 10-B.NIX PASS INCOMPLETE DEEP LEFT TO 14-C.SUTTON. PENALTY ON CLE-21-D.WARD, DEFENSIVE PASS INTERFERENCE, 19 YARDS, ENFORCED AT DEN 12 - NO PLAY.",Deep,Left,0
(8:26) (SHOTGUN) 10-B.NIX PASS INCOMPLETE DEEP LEFT TO 14-C.SUTTON (12-R.MCLEOD).,Deep,Left,0
(1:02) (SHOTGUN) 10-B.NIX PASS INCOMPLETE DEEP MIDDLE TO 16-T.FRANKLIN.,Medium,Middle,0
"(1:05) (SHOTGUN) 10-B.NIX PASS SHORT MIDDLE TO 82-A.TRAUTMAN TO DEN 36 FOR 6 YARDS (43-M.DIABATE). FUMBLES (43-M.DIABATE), RECOVERED BY CLE-23-M.EMERSON AT DEN 37. 23-M.EMERSON FOR 37 YARDS, TOUCHDOWN. THE REPLAY OFFICIAL REVIEWED THE PASS COMPLETION RULING, AND THE PLAY WAS REVERSED. (SHOTGUN) 10-B.NIX PASS INCOMPLETE SHORT MIDDLE TO 82-A.TRAUTMAN (43-M.DIABATE).",Short,Middle,0
(12:40) (SHOTGUN) 79-M.PEART REPORTED IN AS ELIGIBLE.  10-B.NIX PASS DEEP MIDDLE INTENDED FOR 19-M.MIMS INTERCEPTED BY 21-D.WARD AT CLE 28. 21-D.WARD TO CLE 28 FOR NO GAIN (19-M.MIMS).,Medium,Middle,0
(5:55) (SHOTGUN) 10-B.NIX PASS DEEP RIGHT TO 14-C.SUTTON PUSHED OB AT DEN 36 FOR 32 YARDS (9-G.DELPIT).,Deep,Right,1
(9:21) (SHOTGUN) 10-B.NIX PASS SHORT RIGHT TO 33-J.WILLIAMS TO DEN 23 FOR 3 YARDS (21-D.WARD).,Short,Right,1
"(9:32) (SHOTGUN) 10-B.NIX PASS INCOMPLETE SHORT LEFT TO 14-C.SUTTON. PENALTY ON DEN-72-G.BOLLES, ILLEGAL FORMATION, OFFSETTING, ENFORCED AT DEN 20 - NO PLAY. PENALTY ON CLE-21-D.WARD, DEFENSIVE PASS INTERFERENCE, OFFSETTING.",Short,Left,0
"(10:12) (SHOTGUN) 10-B.NIX PASS DEEP MIDDLE TO 19-M.MIMS FOR 93 YARDS, TOUCHDOWN [94-D.TOMLINSON].",Medium,Middle,1
(3:28) (SHOTGUN) 10-B.NIX PASS INCOMPLETE SHORT RIGHT TO 14-C.SUTTON (20-I.POLA-MAO).,Short,Right,0
(3:33) (SHOTGUN) 10-B.NIX PASS INCOMPLETE SHORT RIGHT TO 14-C.SUTTON.,Short,Right,0
(3:38) (SHOTGUN) 79-M.PEART REPORTED IN AS ELIGIBLE.  10-B.NIX PASS INCOMPLETE DEEP LEFT TO 17-D.VELE (25-D.RICHARDSON).,Deep,Left,0
(1:18) (SHOTGUN) 10-B.NIX PASS DEEP LEFT TO 14-C.SUTTON TO LV 34 FOR 18 YARDS (25-D.RICHARDSON).,Deep,Left,1
"(1:23) (SHOTGUN) 10-B.NIX PASS INCOMPLETE SHORT MIDDLE TO 17-D.VELE (30-D.HOLMES). PENALTY ON DEN-60-L.WATTENBERG, INELIGIBLE DOWNFIELD PASS, DECLINED.",Short,Middle,0
(1:27) (SHOTGUN) 10-B.NIX PASS INCOMPLETE SHORT LEFT TO 19-M.MIMS.,Short,Left,0
"(3:17) (NO HUDDLE, SHOTGUN) 10-B.NIX PASS INCOMPLETE DEEP RIGHT.",Deep,Right,0
(4:03) (SHOTGUN) 10-B.NIX PASS SHORT RIGHT TO 84-L.HUMPHREY TO DEN 46 FOR 2 YARDS (98-M.CROSBY).,Short,Right,1
(7:52) (SHOTGUN) 10-B.NIX PASS SHORT RIGHT TO 14-C.SUTTON TO DEN 9 FOR 8 YARDS (18-J.JONES).,Short,Right,1
(14:19) (SHOTGUN) 79-M.PEART REPORTED IN AS ELIGIBLE.  10-B.NIX PASS SHORT RIGHT TO 14-C.SUTTON TO DEN 32 FOR 6 YARDS (18-J.JONES).,Short,Right,1
(3:48) (SHOTGUN) 10-B.NIX PASS SHORT RIGHT TO 19-M.MIMS TO DEN 40 FOR 10 YARDS (41-R.SPILLANE).,Short,Right,1
"(9:24) (NO HUDDLE, SHOTGUN) 10-B.NIX PASS INCOMPLETE DEEP RIGHT TO 84-L.HUMPHREY (18-J.JONES).",Deep,Right,0
"(10:06) (NO HUDDLE, SHOTGUN) 10-B.NIX PASS INCOMPLETE DEEP RIGHT TO 16-T.FRANKLIN.",Deep,Right,0
"(10:30) (NO HUDDLE, SHOTGUN) 10-B.NIX PASS DEEP LEFT TO 14-C.SUTTON TO DEN 48 FOR 17 YARDS (25-D.RICHARDSON).",Deep,Left,1
"(11:28) (NO HUDDLE, SHOTGUN) 10-B.NIX PASS INCOMPLETE SHORT RIGHT TO 33-J.WILLIAMS (96-J.LAULU).",Short,Right,0
"(12:24) 10-B.NIX PASS SHORT RIGHT TO 17-D.VELE TO LV 46 FOR 12 YARDS (18-J.JONES). LAS VEGAS CHALLENGED THE RUNNER WAS NOT DOWN BY CONTACT RULING, AND THE PLAY WAS REVERSED. 10-B.NIX PASS SHORT RIGHT TO 17-D.VELE TO 50 FOR 8 YARDS (18-J.JONES).",Short,Right,1
"(6:46) (NO HUDDLE, SHOTGUN) 10-B.NIX PASS SHORT MIDDLE TO 14-C.SUTTON TO ATL 43 FOR 11 YARDS (3-J.BATES).",Short,Middle,1
"(7:54) (SHOTGUN) 10-B.NIX PASS SHORT RIGHT TO 23-A.ESTIME PUSHED OB AT ATL 45 FOR 9 YARDS (3-J.BATES). DENVER CHALLENGED THE SHORT OF THE LINE TO GAIN RULING, AND THE PLAY WAS REVERSED. (SHOTGUN) 10-B.NIX PASS SHORT RIGHT TO 23-A.ESTIME PUSHED OB AT ATL 43 FOR 11 YARDS (3-J.BATES).",Short,Right,1
(2:03) (SHOTGUN) 10-B.NIX PASS DEEP MIDDLE TO 17-D.VELE TO ATL 34 FOR 33 YARDS (31-J.SIMMONS).,Medium,Middle,1
(9:15) (SHOTGUN) 10-B.NIX PASS SHORT LEFT TO 19-M.MIMS TO ATL 30 FOR 37 YARDS (3-J.BATES).,Short,Left,1
(11:00) 10-B.NIX PASS SHORT RIGHT TO 84-L.HUMPHREY TO DEN 35 FOR 2 YARDS (17-A.EBIKETIE).,Short,Right,1
(11:47) (SHOTGUN) 10-B.NIX PASS SHORT LEFT TO 19-M.MIMS TO DEN 45 FOR 6 YARDS (27-C.CONNER).,Short,Left,1
"(6:39) (SHOTGUN) 10-B.NIX PASS SHORT RIGHT TO 33-J.WILLIAMS TO DEN 23 FOR 5 YARDS (20-J.REID, 95-C.JONES).",Short,Right,1
(6:44) (SHOTGUN) 10-B.NIX PASS INCOMPLETE DEEP LEFT TO 16-T.FRANKLIN.,Deep,Left,0
(7:59) (SHOTGUN) 10-B.NIX PASS SHORT RIGHT TO 85-L.KRULL TO DEN 35 FOR 11 YARDS (13-N.JOHNSON).,Short,Right,1
(14:24) (SHOTGUN) 10-B.NIX PASS SHORT LEFT TO 19-M.MIMS TO DEN 31 FOR -3 YARDS (20-J.REID) [95-C.JONES].,Short,Left,1
(14:27) (SHOTGUN) 10-B.NIX PASS INCOMPLETE SHORT RIGHT TO 14-C.SUTTON.,Short,Right,0
"(:47) (SHOTGUN) 10-B.NIX PASS SHORT RIGHT TO 33-J.WILLIAMS TO DEN 30 FOR 2 YARDS (27-R.GRANT, 3-J.BATES).",Short,Right,1
"(1:14) (NO HUDDLE) 10-B.NIX PASS SHORT LEFT TO 23-A.ESTIME TO DEN 28 FOR -2 YARDS (27-R.GRANT). PENALTY ON DEN-82-A.TRAUTMAN, OFFENSIVE HOLDING, DECLINED.",Short,Left,1
(9:40) (SHOTGUN) 10-B.NIX PASS SHORT LEFT TO 45-N.ADKINS TO DEN 35 FOR 5 YARDS (6-D.PERRYMAN).,Short,Left,1
"(1:31) (NO HUDDLE, SHOTGUN) 10-B.NIX PASS SHORT MIDDLE TO 33-J.WILLIAMS TO DEN 49 FOR 10 YARDS (32-A.GILMAN, 22-E.MOLDEN). PENALTY ON LAC-32-A.GILMAN, DEFENSIVE DELAY OF GAME, 5 YARDS, ENFORCED AT DEN 49.",Short,Middle,1
(1:54) (SHOTGUN) 10-B.NIX PASS DEEP LEFT TO 17-D.VELE TO DEN 39 FOR 20 YARDS (29-T.STILL).,Deep,Left,1
(1:59) (SHOTGUN) 10-B.NIX PASS INCOMPLETE DEEP MIDDLE TO 17-D.VELE.,Medium,Middle,0
"(2:07) (NO HUDDLE, SHOTGUN) 10-B.NIX PASS SHORT RIGHT TO 17-D.VELE RAN OB AT DEN 19 FOR 4 YARDS.",Short,Right,1
"(:14) (NO HUDDLE, SHOTGUN) 10-B.NIX PASS SHORT RIGHT TO 33-J.WILLIAMS TO DEN 38 FOR 4 YARDS (47-J.JEWELL).",Short,Right,1
"(:31) (NO HUDDLE, SHOTGUN) 10-B.NIX PASS SHORT MIDDLE TO 17-D.VELE TO DEN 34 FOR 9 YARDS (31-C.FARLEY, 47-J.JEWELL).",Short,Middle,1
(:50) (SHOTGUN) 10-B.NIX PASS SHORT LEFT TO 14-C.SUTTON TO DEN 25 FOR NO GAIN (2-M.JACKSON).,Short,Left,1
(12:58) (SHOTGUN) 10-B.NIX PASS DEEP RIGHT TO 17-D.VELE PUSHED OB AT CAR 44 FOR 16 YARDS (36-D.RICHARDSON).,Deep,Right,1
(14:11) (SHOTGUN) 10-B.NIX PASS SHORT LEFT TO 33-J.WILLIAMS TO DEN 36 FOR 3 YARDS (2-M.JACKSON).,Short,Left,1
(11:22) 10-B.NIX PASS INCOMPLETE DEEP MIDDLE TO 14-C.SUTTON.,Medium,Middle,0
"(8:17) (NO HUDDLE, SHOTGUN) 10-B.NIX PASS DEEP RIGHT TO 14-C.SUTTON PUSHED OB AT CAR 41 FOR 37 YARDS (36-D.RICHARDSON).",Deep,Right,1
(8:42) (SHOTGUN) 10-B.NIX PASS SHORT MIDDLE TO 84-L.HUMPHREY TO DEN 22 FOR 6 YARDS (36-D.RICHARDSON).,Short,Middle,1
(6:02) (SHOTGUN) 10-B.NIX PASS SHORT RIGHT TO 14-C.SUTTON TO DEN 41 FOR 4 YARDS (47-J.JEWELL).,Short,Right,1
(1:52) (SHOTGUN) 10-B.NIX PASS SHORT RIGHT TO 33-J.WILLIAMS TO DEN 36 FOR 8 YARDS (94-C.JORDAN; 31-J.HOWDEN).,Short,Right,1
(10:08) 10-B.NIX PASS SHORT LEFT TO 33-J.WILLIAMS TO NO 49 FOR 9 YARDS (31-J.HOWDEN). NO-29-P.ADEBO WAS INJURED DURING THE PLAY.,Short,Left,1
(3:39) (SHOTGUN) 10-B.NIX PASS SHORT MIDDLE TO 85-L.KRULL TO 50 FOR 5 YARDS (1-A.TAYLOR).,Short,Middle,1
(8:42) 10-B.NIX PASS SHORT RIGHT TO 16-T.FRANKLIN TO NO 45 FOR 2 YARDS (31-J.HOWDEN).,Short,Right,1
(9:19) (SHOTGUN) 10-B.NIX PASS SHORT MIDDLE TO 17-D.VELE TO NO 47 FOR 20 YARDS (1-A.TAYLOR).,Short,Middle,1
(10:32) (SHOTGUN) 10-B.NIX PASS SHORT LEFT TO 19-M.MIMS PUSHED OB AT DEN 27 FOR 7 YARDS (23-M.LATTIMORE).,Short,Left,1
(14:11) 10-B.NIX PASS SHORT RIGHT TO 16-T.FRANKLIN TO NO 49 FOR 2 YARDS (29-P.ADEBO).,Short,Right,1
"(9:06) (SHOTGUN) 10-B.NIX PASS INCOMPLETE SHORT RIGHT. PENALTY ON DEN-16-T.FRANKLIN, OFFENSIVE PASS INTERFERENCE, 10 YARDS, ENFORCED AT DEN 25 - NO PLAY.",Short,Right,0
(10:15) (SHOTGUN) 10-B.NIX PASS SHORT LEFT TO 38-J.MCLAUGHLIN PUSHED OB AT DEN 19 FOR 6 YARDS (99-O.OWEH).,Short,Left,1
"(15:00) 79-M.PEART REPORTED IN AS ELIGIBLE.  10-B.NIX PASS INCOMPLETE SHORT LEFT. PENALTY ON DEN-72-G.BOLLES, OFFENSIVE HOLDING, 10 YARDS, ENFORCED AT DEN 30 - NO PLAY.",Short,Left,0
(:18) (SHOTGUN) 10-B.NIX PASS DEEP LEFT TO 16-T.FRANKLIN TO LV 41 FOR 20 YARDS (18-J.JONES).,Deep,Left,1
(:23) (SHOTGUN) 10-B.NIX PASS SHORT LEFT TO 33-J.WILLIAMS PUSHED OB AT DEN 39 FOR 3 YARDS (0-J.BENNETT).,Short,Left,1
(:27) (SHOTGUN) 10-B.NIX PASS INCOMPLETE DEEP LEFT TO 14-C.SUTTON.,Deep,Left,0
(1:54) (SHOTGUN) 10-B.NIX PASS SHORT MIDDLE TO 85-L.KRULL TO DEN 34 FOR 5 YARDS (41-R.SPILLANE).,Short,Middle,1
(2:28) 79-M.PEART REPORTED IN AS ELIGIBLE.  10-B.NIX PASS SHORT LEFT TO 33-J.WILLIAMS TO DEN 36 FOR 26 YARDS (69-A.BUTLER).,Short,Left,1
"(6:18) (NO HUDDLE, SHOTGUN) 10-B.NIX PASS SHORT LEFT TO 33-J.WILLIAMS TO DEN 15 FOR 2 YARDS (41-R.SPILLANE).",Short,Left,1
(6:21) (SHOTGUN) 10-B.NIX PASS INCOMPLETE SHORT LEFT TO 38-J.MCLAUGHLIN (7-T.MOEHRIG).,Short,Left,0
(9:41) (SHOTGUN) 10-B.NIX PASS INCOMPLETE SHORT RIGHT TO 80-G.DULCICH.,Short,Right,0
(12:53) (SHOTGUN) 10-B.NIX PASS SHORT LEFT TO 20-M.BURTON TO DEN 30 FOR 5 YARDS (7-T.MOEHRIG).,Short,Left,1
(9:00) 10-B.NIX PASS SHORT RIGHT TO 16-T.FRANKLIN TO NYJ 49 FOR 2 YARDS (56-QI.WILLIAMS).,Short,Right,1
(14:13) 10-B.NIX PASS SHORT RIGHT TO 33-J.WILLIAMS TO DEN 32 FOR -1 YARDS (21-A.DAVIS).,Short,Right,1
(6:30) (SHOTGUN) 10-B.NIX PASS INCOMPLETE DEEP MIDDLE TO 11-J.REYNOLDS.,Medium,Middle,0
(2:44) (SHOTGUN) 10-B.NIX PASS INCOMPLETE SHORT LEFT TO 11-J.REYNOLDS (4-D.REED).,Short,Left,0
"(4:02) 10-B.NIX PASS SHORT RIGHT TO 20-M.BURTON TO DEN 20 FOR 3 YARDS (44-J.SHERWOOD, 56-QI.WILLIAMS).",Short,Right,1
"(4:43) (NO HUDDLE, SHOTGUN) 10-B.NIX PASS SHORT MIDDLE TO 11-J.REYNOLDS TO DEN 45 FOR 5 YARDS (23-T.SMITH).",Short,Middle,1
(5:17) (SHOTGUN) 10-B.NIX PASS SHORT LEFT TO 84-L.HUMPHREY TO DEN 40 FOR 4 YARDS (29-C.IZIEN).,Short,Left,1
(6:01) (SHOTGUN) 10-B.NIX PASS SHORT RIGHT TO 14-C.SUTTON TO DEN 36 FOR 4 YARDS (29-C.IZIEN).,Short,Right,1
"(6:41) (NO HUDDLE, SHOTGUN) 10-B.NIX PASS SHORT LEFT TO 33-J.WILLIAMS TO DEN 32 FOR 8 YARDS (52-K.BRITT; 54-L.DAVID).",Short,Left,1
(7:12) (SHOTGUN) 10-B.NIX PASS SHORT LEFT TO 84-L.HUMPHREY TO DEN 24 FOR 17 YARDS (29-C.IZIEN).,Short,Left,1
(11:22) (SHOTGUN) 10-B.NIX PASS INCOMPLETE DEEP RIGHT TO 16-T.FRANKLIN (23-T.SMITH).,Deep,Right,0
(12:07) (SHOTGUN) 79-M.PEART REPORTED IN AS ELIGIBLE.  10-B.NIX PASS INCOMPLETE DEEP MIDDLE TO 84-L.HUMPHREY (9-J.TRYON).,Medium,Middle,0
(6:00) (SHOTGUN) 10-B.NIX PASS SHORT RIGHT TO 38-J.MCLAUGHLIN RAN OB AT TB 48 FOR 7 YARDS (54-L.DAVID).,Short,Right,1
(8:06) (SHOTGUN) 10-B.NIX PASS INCOMPLETE SHORT RIGHT TO 84-L.HUMPHREY.,Short,Right,0
(15:00) (SHOTGUN) 10-B.NIX PASS DEEP LEFT TO 14-C.SUTTON TO TB 48 FOR 22 YARDS (35-J.DEAN).,Deep,Left,1
(13:25) (SHOTGUN) 10-B.NIX PASS SHORT MIDDLE TO 33-J.WILLIAMS TO PIT 42 FOR 14 YARDS (39-M.FITZPATRICK; 23-D.KAZEE).,Short,Middle,1
(13:29) (SHOTGUN) 10-B.NIX PASS INCOMPLETE SHORT RIGHT TO 80-G.DULCICH.,Short,Right,0
(14:05) (SHOTGUN) 10-B.NIX PASS SHORT LEFT TO 80-G.DULCICH TO DEN 44 FOR NO GAIN (95-K.BENTON; 24-J.PORTER).,Short,Left,1
"(15:00) 10-B.NIX PASS INCOMPLETE SHORT MIDDLE TO 14-C.SUTTON. PENALTY ON PIT-25-D.ELLIOTT, DEFENSIVE OFFSIDE, 5 YARDS, ENFORCED AT DEN 42 - NO PLAY.",Short,Middle,0
(:04) (SHOTGUN) 10-B.NIX PASS INCOMPLETE DEEP RIGHT TO 45-N.ADKINS.,Deep,Right,0
"(10:54) (SHOTGUN) 10-B.NIX PASS SHORT RIGHT TO 38-J.MCLAUGHLIN TO DEN 38 FOR 3 YARDS (0-T.DODSON, 21-D.WITHERSPOON).",Short,Right,1
(6:07) (SHOTGUN) 10-B.NIX PASS SHORT MIDDLE TO 11-J.REYNOLDS TO SEA 49 FOR 7 YARDS (2-R.JENKINS).,Short,Middle,1
(6:45) (SHOTGUN) 10-B.NIX PASS SHORT LEFT TO 80-G.DULCICH PUSHED OB AT DEN 44 FOR 7 YARDS (21-D.WITHERSPOON).,Short,Left,1
(7:31) 10-B.NIX PASS INCOMPLETE DEEP RIGHT TO 14-C.SUTTON [99-L.WILLIAMS].,Deep,Right,0
"(8:11) (NO HUDDLE, SHOTGUN) 10-B.NIX PASS SHORT LEFT TO 17-D.VELE TO DEN 36 FOR 7 YARDS (0-T.DODSON).",Short,Left,1
"(8:37) (SHOTGUN) 10-B.NIX PASS SHORT RIGHT TO 17-D.VELE TO DEN 29 FOR 6 YARDS (20-J.LOVE, 0-T.DODSON).",Short,Right,1
(2:57) (SHOTGUN) 10-B.NIX PASS DEEP MIDDLE TO 14-C.SUTTON TO SEA 45 FOR 17 YARDS (20-J.LOVE).,Medium,Middle,1
(3:41) 10-B.NIX PASS SHORT LEFT TO 33-J.WILLIAMS TO DEN 38 FOR NO GAIN (0-T.DODSON).,Short,Left,1
(5:18) (SHOTGUN) 10-B.NIX PASS SHORT LEFT TO 20-M.BURTON TO DEN 34 FOR 3 YARDS (2-R.JENKINS).,Short,Left,1
(5:21) (SHOTGUN) 10-B.NIX PASS INCOMPLETE SHORT RIGHT.,Short,Right,0
(14:14) (SHOTGUN) 10-B.NIX PASS INCOMPLETE SHORT LEFT TO 11-J.REYNOLDS (24-J.PORTER) [95-K.BENTON].,Short,Left,0
(14:19) (SHOTGUN) 10-B.NIX PASS INCOMPLETE DEEP RIGHT TO 80-G.DULCICH.,Deep,Right,0
"(8:01) (NO HUDDLE, SHOTGUN) 10-B.NIX PASS INCOMPLETE SHORT MIDDLE TO 84-L.HUMPHREY (90-T.WATT) [90-T.WATT].",Short,Middle,0
"(8:32) (SHOTGUN) 10-B.NIX PASS INCOMPLETE SHORT RIGHT. PENALTY ON DEN-69-M.MCGLINCHEY, OFFENSIVE HOLDING, OFFSETTING, ENFORCED AT DEN 31 - NO PLAY. PENALTY ON PIT-24-J.PORTER, ILLEGAL USE OF HANDS, OFFSETTING.",Short,Right,0
"(8:43) (SHOTGUN) 10-B.NIX PASS INCOMPLETE SHORT LEFT [6-P.QUEEN]. PENALTY ON DEN-72-G.BOLLES, ILLEGAL BLOCK ABOVE THE WAIST, OFFSETTING, ENFORCED AT DEN 31 - NO PLAY. PENALTY ON PIT-24-J.PORTER, DEFENSIVE HOLDING, OFFSETTING.",Short,Left,0
(13:37) (SHOTGUN) 10-B.NIX PASS DEEP MIDDLE TO 14-C.SUTTON TO BUF 49 FOR 19 YARDS (3-D.HAMLIN).,Medium,Middle,1
(7:07) (SHOTGUN) 10-B.NIX PASS SHORT LEFT TO 82-A.TRAUTMAN TO DEN 32 FOR 2 YARDS (58-M.MILANO; 3-D.HAMLIN).,Short,Left,1
(11:45) (SHOTGUN) 10-B.NIX PASS INCOMPLETE DEEP MIDDLE TO 14-C.SUTTON.,Medium,Middle,0
(10:53) (SHOTGUN) 10-B.NIX PASS INCOMPLETE DEEP RIGHT TO 14-C.SUTTON.,Deep,Right,0
(4:37) (SHOTGUN) 10-B.NIX PASS SHORT RIGHT TO 33-J.WILLIAMS TO DEN 37 FOR 7 YARDS (7-TA.JOHNSON).,Short,Right,1
"(4:13) (NO HUDDLE, SHOTGUN) 10-B.NIX PASS INCOMPLETE SHORT MIDDLE TO 17-D.VELE.",Short,Middle,0
"(3:24) (NO HUDDLE, SHOTGUN) 10-B.NIX PASS DEEP LEFT INTENDED FOR 14-C.SUTTON INTERCEPTED BY 3-D.HAMLIN AT DEN 48. 3-D.HAMLIN TO DEN 45 FOR 3 YARDS (14-C.SUTTON). THE REPLAY OFFICIAL REVIEWED THE INTERCEPTION RULING, AND THE PLAY WAS REVERSED. (NO HUDDLE, SHOTGUN) 10-B.NIX PASS INCOMPLETE DEEP LEFT TO 14-C.SUTTON.",Deep,Left,0
(1:52) (SHOTGUN) 10-B.NIX PASS SHORT MIDDLE TO 33-J.WILLIAMS TO DEN 15 FOR 7 YARDS (58-M.MILANO).,Short,Middle,1
"(1:32) (NO HUDDLE, SHOTGUN) 10-B.NIX PASS SHORT RIGHT TO 85-L.KRULL TO DEN 17 FOR 2 YARDS (7-TA.JOHNSON).",Short,Right,1
"(:33) (NO HUDDLE, SHOTGUN) 10-B.NIX PASS SHORT LEFT TO 14-C.SUTTON RAN OB AT DEN 42 FOR 11 YARDS.",Short,Left,1
"(:27) (NO HUDDLE, SHOTGUN) 10-B.NIX PASS INCOMPLETE SHORT RIGHT TO 19-M.MIMS.",Short,Right,0
"(:23) (NO HUDDLE, SHOTGUN) 10-B.NIX PASS INCOMPLETE DEEP RIGHT TO 17-D.VELE. PENALTY ON BUF-47-C.BENFORD, DEFENSIVE HOLDING, 5 YARDS, ENFORCED AT DEN 42 - NO PLAY.",Deep,Right,0
(:15) (SHOTGUN) 10-B.NIX PASS DEEP RIGHT TO 14-C.SUTTON TO BUF 32 FOR 21 YARDS (47-C.BENFORD).,Deep,Right,1
"(8:53) (NO HUDDLE, SHOTGUN) 10-B.NIX PASS INCOMPLETE SHORT MIDDLE TO 16-T.FRANKLIN.",Short,Middle,0
(1:25) (SHOTGUN) 10-B.NIX PASS INCOMPLETE DEEP MIDDLE TO 19-M.MIMS.,Medium,Middle,0
"(14:11) (NO HUDDLE, SHOTGUN) 10-B.NIX PASS SHORT LEFT TO 14-C.SUTTON TO BUF 44 FOR 13 YARDS (7-TA.JOHNSON).",Short,Left,1
(5:47) (SHOTGUN) 10-B.NIX PASS INCOMPLETE SHORT LEFT TO 84-L.HUMPHREY.,Short,Left,0
(2:41) 10-B.NIX PASS SHORT RIGHT TO 14-C.SUTTON TO DEN 34 FOR 4 YARDS (53-B.MAFE).,Short,Right,1
(2:03) (SHOTGUN) 10-B.NIX PASS SHORT LEFT TO 11-J.REYNOLDS TO DEN 37 FOR 3 YARDS (20-J.LOVE).,Short,Left,1
(:56) (SHOTGUN) 10-B.NIX PASS INCOMPLETE DEEP MIDDLE TO 14-C.SUTTON.,Medium,Middle,0
(:51) (SHOTGUN) 10-B.NIX PASS SHORT LEFT TO 17-D.VELE TO DEN 49 FOR 9 YARDS (0-T.DODSON).,Short,Left,1
(10:35) 10-B.NIX PASS INCOMPLETE SHORT RIGHT TO 80-G.DULCICH [58-D.HALL].,Short,Right,0
(10:31) (SHOTGUN) 10-B.NIX PASS INCOMPLETE SHORT MIDDLE TO 14-C.SUTTON.,Short,Middle,0
(5:55) 79-M.PEART REPORTED IN AS ELIGIBLE.  10-B.NIX PASS INCOMPLETE SHORT LEFT TO 11-J.REYNOLDS (21-D.WITHERSPOON).,Short,Left,0
(:24) (SHOTGUN) 10-B.NIX PASS INCOMPLETE DEEP MIDDLE TO 11-J.REYNOLDS (27-T.WOOLEN) [99-L.WILLIAMS].,Medium,Middle,0
(:19) (SHOTGUN) 10-B.NIX PASS DEEP LEFT TO 11-J.REYNOLDS PUSHED OB AT SEA 27 FOR 25 YARDS (22-T.BROWN).,Deep,Left,1
(14:14) (SHOTGUN) 10-B.NIX PASS INCOMPLETE SHORT LEFT TO 82-A.TRAUTMAN.,Short,Left,0
(14:10) (SHOTGUN) 10-B.NIX PASS SHORT RIGHT TO 38-J.MCLAUGHLIN TO DEN 19 FOR 1 YARD (17-J.BAKER).,Short,Right,1
(10:44) (SHOTGUN) 10-B.NIX PASS SHORT RIGHT TO 17-D.VELE TO DEN 32 FOR 2 YARDS (20-J.LOVE).,Short,Right,1
"(8:12) (NO HUDDLE, SHOTGUN) 10-B.NIX PASS SHORT LEFT TO 38-J.MCLAUGHLIN TO DEN 48 FOR 2 YARDS (24-K.WALLACE) [58-D.HALL]. FUMBLES (24-K.WALLACE), RECOVERED BY SEA-17-J.BAKER AT DEN 47.",Short,Left,1
(3:30) (SHOTGUN) 10-B.NIX PASS SHORT LEFT TO 17-D.VELE TO DEN 35 FOR 4 YARDS (2-R.JENKINS).,Short,Left,1
(2:50) (SHOTGUN) 10-B.NIX PASS INCOMPLETE SHORT RIGHT TO 14-C.SUTTON (22-T.BROWN).,Short,Right,0
(14:12) (SHOTGUN) 10-B.NIX PASS SHORT RIGHT TO 17-D.VELE PUSHED OB AT DEN 34 FOR 4 YARDS (2-R.JENKINS).,Short,Right,1
"(13:45) (NO HUDDLE, SHOTGUN) 10-B.NIX PASS SHORT MIDDLE TO 80-G.DULCICH TO DEN 39 FOR 5 YARDS (0-T.DODSON) [99-L.WILLIAMS].",Short,Middle,1
(8:09) (SHOTGUN) 10-B.NIX PASS INCOMPLETE SHORT LEFT TO 80-G.DULCICH.,Short,Left,0
"(8:02) (NO HUDDLE, SHOTGUN) 10-B.NIX PASS DEEP LEFT TO 14-C.SUTTON TO DEN 44 FOR 26 YARDS (24-J.PORTER) [97-CA.HEYWARD]. PENALTY ON PIT-24-J.PORTER, DEFENSIVE HOLDING, DECLINED.",Deep,Left,1
(7:43) 79-M.PEART REPORTED IN AS ELIGIBLE. DIRECT SNAP TO 33-J.WILLIAMS.  10-B.NIX PASS DEEP MIDDLE TO 11-J.REYNOLDS TO PIT 7 FOR 49 YARDS (39-M.FITZPATRICK). PIT-26-D.JACKSON WAS INJURED DURING THE PLAY.,Medium,Middle,1
(3:55) (SHOTGUN) 10-B.NIX PASS INCOMPLETE DEEP LEFT TO 19-M.MIMS.,Deep,Left,0
(1:15) 10-B.NIX PASS SHORT RIGHT TO 33-J.WILLIAMS TO DEN 38 FOR 8 YARDS (25-D.ELLIOTT).,Short,Right,1
(:09) (SHOTGUN) 10-B.NIX PASS DEEP RIGHT TO 11-J.REYNOLDS TO DEN 32 FOR 13 YARDS [97-CA.HEYWARD]. LATERAL TO 19-M.MIMS RAN OB AT DEN 34 FOR 2 YARDS (23-D.KAZEE). ** INJURY UPDATE: PIT-26-D.JACKSON HAS RETURNED TO THE GAME.,Deep,Right,1
(:01) (SHOTGUN) 10-B.NIX PASS DEEP MIDDLE INTERCEPTED BY 23-D.KAZEE AT PIT 40. 23-D.KAZEE TO PIT 45 FOR 5 YARDS (38-J.MCLAUGHLIN).,Medium,Middle,0
(8:35) (SHOTGUN) 10-B.NIX PASS INCOMPLETE SHORT MIDDLE TO 80-G.DULCICH.,Short,Middle,0
"(4:45) (SHOTGUN) 10-B.NIX PASS SHORT RIGHT TO 80-G.DULCICH TO DEN 29 FOR 9 YARDS (27-C.TRICE, 26-D.JACKSON).",Short,Right,1
"(4:02) (NO HUDDLE, SHOTGUN) 10-B.NIX PASS SHORT MIDDLE TO 84-L.HUMPHREY TO PIT 42 FOR 27 YARDS (39-M.FITZPATRICK). PIT-26-D.JACKSON WAS INJURED DURING THE PLAY.",Short,Middle,1
(13:46) (SHOTGUN) 10-B.NIX PASS SHORT LEFT TO 80-G.DULCICH TO DEN 37 FOR 7 YARDS (39-M.FITZPATRICK).,Short,Left,1
(11:31) (SHOTGUN) 10-B.NIX PASS SHORT MIDDLE TO 33-J.WILLIAMS TO DEN 21 FOR 6 YARDS (56-A.HIGHSMITH).,Short,Middle,1
(1:56) (SHOTGUN) 10-B.NIX PASS SHORT RIGHT TO 20-M.BURTON TO DEN 31 FOR 1 YARD (25-D.ELLIOTT).,Short,Right,1
(1:21) (SHOTGUN) 10-B.NIX PASS SHORT LEFT TO 84-L.HUMPHREY TO DEN 37 FOR 6 YARDS (6-P.QUEEN).,Short,Left,1
(:36) (SHOTGUN) 10-B.NIX PASS SHORT MIDDLE TO 33-J.WILLIAMS TO DEN 44 FOR 7 YARDS (6-P.QUEEN).,Short,Middle,1
(7:04) (SHOTGUN) 10-B.NIX PASS SHORT LEFT TO 84-L.HUMPHREY TO DEN 24 FOR 4 YARDS (56-A.HIGHSMITH).,Short,Left,1
"(12:07) (SHOTGUN) 10-B.NIX PASS SHORT MIDDLE TO 14-C.SUTTON TO DEN 29 FOR 4 YARDS (41-P.WILSON, 56-A.HIGHSMITH). PENALTY ON DEN-72-G.BOLLES, ILLEGAL FORMATION, 5 YARDS, ENFORCED AT DEN 25 - NO PLAY.",Short,Middle,1
(11:38) (SHOTGUN) 10-B.NIX PASS SHORT LEFT TO 11-J.REYNOLDS TO DEN 29 FOR 9 YARDS (25-D.ELLIOTT).,Short,Left,1
"(:49) (NO HUDDLE, SHOTGUN) 10-B.NIX PASS INCOMPLETE DEEP RIGHT TO 16-T.FRANKLIN.",Deep,Right,0
(:41) (SHOTGUN) 10-B.NIX PASS SHORT RIGHT TO 84-L.HUMPHREY TO DEN 43 FOR 2 YARDS (3-J.WHITEHEAD; 8-S.DENNIS).,Short,Right,1
"(15:00) 10-B.NIX PASS SHORT LEFT TO 33-J.WILLIAMS TO TB 47 FOR 7 YARDS (54-L.DAVID, 35-J.DEAN).",Short,Left,1
(6:04) 10-B.NIX PASS INCOMPLETE SHORT MIDDLE TO 14-C.SUTTON.,Short,Middle,0
"(1:29) (NO HUDDLE, SHOTGUN) 10-B.NIX PASS SHORT LEFT TO 14-C.SUTTON TO DEN 45 FOR 10 YARDS (35-J.DEAN).",Short,Left,1
"(1:09) (NO HUDDLE, SHOTGUN) 10-B.NIX PASS SHORT RIGHT TO 82-A.TRAUTMAN RAN OB AT TB 42 FOR 13 YARDS (3-J.WHITEHEAD).",Short,Right,1
(7:49) (SHOTGUN) 10-B.NIX PASS SHORT RIGHT TO 14-C.SUTTON RAN OB AT DEN 7 FOR 1 YARD.,Short,Right,1
(7:15) 10-B.NIX PASS INCOMPLETE SHORT RIGHT.,Short,Right,0
(10:21) (SHOTGUN) 10-B.NIX PASS SHORT LEFT TO 28-T.BADIE TO DEN 47 FOR -1 YARDS (44-J.SHERWOOD).,Short,Left,1
(14:27) 10-B.NIX PASS SHORT RIGHT TO 14-C.SUTTON PUSHED OB AT NYJ 44 FOR 23 YARDS (1-A.GARDNER).,Short,Right,1
(13:07) (SHOTGUN) 10-B.NIX PASS INCOMPLETE DEEP LEFT TO 14-C.SUTTON.,Deep,Left,0
(6:16) (SHOTGUN) 10-B.NIX PASS INCOMPLETE DEEP LEFT TO 16-T.FRANKLIN (4-D.REED) [99-W.MCDONALD].,Deep,Left,0
"(6:09) (NO HUDDLE, SHOTGUN) 10-B.NIX PASS DEEP MIDDLE TO 14-C.SUTTON TO NYJ 47 FOR 29 YARDS (36-C.CLARK; 22-T.ADAMS).",Medium,Middle,1
(3:38) (SHOTGUN) 10-B.NIX PASS SHORT RIGHT TO 38-J.MCLAUGHLIN TO DEN 37 FOR NO GAIN (1-A.GARDNER).,Short,Right,1
"(2:15) (SHOTGUN) 10-B.NIX PASS SHORT RIGHT TO 28-T.BADIE TO DEN 41 FOR -3 YARDS (56-QI.WILLIAMS). FUMBLES (56-QI.WILLIAMS), RECOVERED BY NYJ-30-M.CARTER AT DEN 41. 30-M.CARTER TO DEN 34 FOR 7 YARDS (60-L.WATTENBERG). DEN-28-T.BADIE WAS INJURED DURING THE PLAY.",Short,Right,1
(13:31) (SHOTGUN) 10-B.NIX PASS INCOMPLETE DEEP RIGHT TO 14-C.SUTTON.,Deep,Right,0
(2:47) (SHOTGUN) 10-B.NIX PASS SHORT LEFT TO 45-N.ADKINS TO DEN 31 FOR NO GAIN (22-T.ADAMS).,Short,Left,1
(2:08) (SHOTGUN) 10-B.NIX PASS INCOMPLETE DEEP RIGHT TO 84-L.HUMPHREY.,Deep,Right,0
(9:48) 79-M.PEART REPORTED IN AS ELIGIBLE.  10-B.NIX PASS INCOMPLETE SHORT LEFT TO 33-J.WILLIAMS.,Short,Left,0
(9:43) (SHOTGUN) 10-B.NIX PASS INCOMPLETE SHORT MIDDLE TO 14-C.SUTTON (18-J.JONES).,Short,Middle,0
(3:58) (SHOTGUN) 10-B.NIX PASS SHORT RIGHT TO 33-J.WILLIAMS TO DEN 9 FOR 6 YARDS (18-J.JONES; 39-N.HOBBS).,Short,Right,1
(1:47) (SHOTGUN) 10-B.NIX PASS INCOMPLETE DEEP MIDDLE TO 14-C.SUTTON (0-J.BENNETT).,Medium,Middle,0
(9:27) (SHOTGUN) 10-B.NIX PASS SHORT LEFT TO 19-M.MIMS TO LV 33 FOR 7 YARDS (29-C.SMITH).,Short,Left,1
(14:12) (SHOTGUN) 10-B.NIX PASS INCOMPLETE SHORT LEFT TO 11-J.REYNOLDS.,Short,Left,0
(3:41) (SHOTGUN) 10-B.NIX PASS SHORT RIGHT TO 14-C.SUTTON TO DEN 48 FOR 8 YARDS (20-I.POLA-MAO).,Short,Right,1
(2:54) (SHOTGUN) 10-B.NIX PASS SHORT MIDDLE TO 45-N.ADKINS TO LV 44 FOR 8 YARDS (49-C.SNOWDEN). ** INJURY UPDATE: DEN-72-G.BOLLES HAS RETURNED TO THE GAME.,Short,Middle,1
(2:26) (SHOTGUN) 10-B.NIX PASS SHORT MIDDLE TO 38-J.MCLAUGHLIN TO DEN 15 FOR 11 YARDS (25-J.COLSON).,Short,Middle,1
(13:48) (SHOTGUN) 10-B.NIX PASS DEEP MIDDLE INTENDED FOR 19-M.MIMS INTERCEPTED BY 22-E.MOLDEN AT LAC 44. 22-E.MOLDEN PUSHED OB AT DEN 31 FOR 25 YARDS (77-Q.MEINERZ).,Medium,Middle,0
(9:19) (SHOTGUN) 10-B.NIX PASS SHORT LEFT TO 38-J.MCLAUGHLIN PUSHED OB AT DEN 40 FOR 6 YARDS (32-A.GILMAN).,Short,Left,1
(8:10) (SHOTGUN) 10-B.NIX PASS INCOMPLETE SHORT RIGHT [52-K.MACK].,Short,Right,0
(2:14) (SHOTGUN) 10-B.NIX PASS INCOMPLETE SHORT MIDDLE TO 33-J.WILLIAMS [90-T.TART].,Short,Middle,0
(2:10) (SHOTGUN) 10-B.NIX PASS INCOMPLETE DEEP LEFT TO 19-M.MIMS (29-T.STILL).,Deep,Left,0
(5:08) (SHOTGUN) 10-B.NIX PASS INCOMPLETE DEEP MIDDLE TO 14-C.SUTTON.,Medium,Middle,0
(5:03) (SHOTGUN) 10-B.NIX PASS SHORT LEFT TO 14-C.SUTTON TO LAC 45 FOR 8 YARDS (7-K.FULTON).,Short,Left,1
"(1:00) (SHOTGUN) 10-B.NIX PASS SHORT MIDDLE TO 85-L.KRULL TO DEN 38 FOR 8 YARDS (22-E.MOLDEN, 25-J.COLSON).",Short,Middle,1
"(:44) (NO HUDDLE, SHOTGUN) 10-B.NIX PASS INCOMPLETE SHORT LEFT TO 33-J.WILLIAMS (52-K.MACK).",Short,Left,0
"(:36) (NO HUDDLE, SHOTGUN) 10-B.NIX PASS DEEP MIDDLE TO 14-C.SUTTON TO LAC 16 FOR 46 YARDS (32-A.GILMAN). PENALTY ON DEN-77-Q.MEINERZ, OFFENSIVE HOLDING, 10 YARDS, ENFORCED AT DEN 38 - NO PLAY.",Medium,Middle,1
(:26) (SHOTGUN) 10-B.NIX PASS INCOMPLETE SHORT MIDDLE TO 85-L.KRULL.,Short,Middle,0
"(8:18) (SHOTGUN) 10-B.NIX PASS SHORT RIGHT TO 19-M.MIMS TO LAC 42 FOR 7 YARDS (22-E.MOLDEN, 25-J.COLSON) [45-T.TUIPULOTU]. PENALTY ON DEN-72-G.BOLLES, ILLEGAL FORMATION, 5 YARDS, ENFORCED AT LAC 49 - NO PLAY.",Short,Right,1
(7:47) (SHOTGUN) 10-B.NIX PASS INCOMPLETE DEEP LEFT TO 19-M.MIMS [56-M.FOX].,Deep,Left,0
"(14:09) 10-B.NIX PASS SHORT LEFT TO 84-L.HUMPHREY TO DEN 13 FOR 8 YARDS (6-D.PERRYMAN, 3-D.JAMES).",Short,Left,1
(12:52) (SHOTGUN) 10-B.NIX PASS DEEP LEFT TO 16-T.FRANKLIN TO LAC 47 FOR 29 YARDS (32-A.GILMAN).,Deep,Left,1
(7:43) (SHOTGUN) 10-B.NIX PASS DEEP MIDDLE TO 14-C.SUTTON TO LAC 43 FOR 20 YARDS (29-T.STILL) [6-D.PERRYMAN].,Medium,Middle,1
(9:21) (SHOTGUN) 10-B.NIX PASS INCOMPLETE SHORT MIDDLE TO 82-A.TRAUTMAN (98-P.TURNER).,Short,Middle,0
"(:16) (SHOTGUN) 10-B.NIX PASS INCOMPLETE SHORT RIGHT TO 14-C.SUTTON. PENALTY ON NO-29-P.ADEBO, DEFENSIVE HOLDING, 5 YARDS, ENFORCED AT NO 34 - NO PLAY.",Short,Right,0
(1:27) (SHOTGUN) 10-B.NIX PASS INCOMPLETE SHORT MIDDLE TO 17-D.VELE.,Short,Middle,0
(1:22) (SHOTGUN) 10-B.NIX PASS SHORT MIDDLE TO 85-L.KRULL TO DEN 49 FOR 13 YARDS (32-T.MATHIEU; 24-J.ABRAM).,Short,Middle,1
"(:59) (NO HUDDLE, SHOTGUN) 10-B.NIX PASS INCOMPLETE SHORT MIDDLE.",Short,Middle,0
(:55) (SHOTGUN) 10-B.NIX PASS INCOMPLETE DEEP LEFT TO 17-D.VELE.,Deep,Left,0
(:49) (SHOTGUN) 10-B.NIX PASS SHORT RIGHT TO 19-M.MIMS RAN OB AT NO 40 FOR 11 YARDS (1-A.TAYLOR).,Short,Right,1
(8:53) (SHOTGUN) 10-B.NIX PASS DEEP MIDDLE TO 85-L.KRULL TO NO 46 FOR 23 YARDS (32-T.MATHIEU).,Medium,Middle,1
"(:56) (SHOTGUN) 10-B.NIX PASS SHORT RIGHT TO 17-D.VELE RAN OB AT DEN 35 FOR 14 YARDS. PENALTY ON DEN-33-J.WILLIAMS, OFFENSIVE HOLDING, 10 YARDS, ENFORCED AT DEN 21 - NO PLAY.",Short,Right,1
"(15:00) 10-B.NIX PASS SHORT RIGHT TO 84-L.HUMPHREY TO DEN 24 FOR 3 YARDS (56-D.DAVIS, 58-A.ORJI).",Short,Right,1
(5:31) 10-B.NIX PASS SHORT LEFT TO 85-L.KRULL PUSHED OB AT DEN 49 FOR 15 YARDS (25-X.WOODS). ** INJURY UPDATE: DEN-85-L.KRULL HAS RETURNED TO THE GAME.,Short,Left,1
"(13:50) (SHOTGUN) 10-B.NIX PASS SHORT LEFT TO 84-L.HUMPHREY TO DEN 48 FOR 8 YARDS (99-S.TUTTLE). FUMBLES (99-S.TUTTLE), RECOVERED BY CAR-99-S.TUTTLE AT DEN 49.",Short,Left,1
(7:12) 10-B.NIX PASS SHORT MIDDLE TO 33-J.WILLIAMS TO DEN 32 FOR 2 YARDS (2-M.JACKSON).,Short,Middle,1
"(4:48) (SHOTGUN) 10-B.NIX PASS SHORT LEFT TO 33-J.WILLIAMS TO DEN 44 FOR -1 YARDS (47-J.JEWELL). PENALTY ON DEN-72-G.BOLLES, INELIGIBLE DOWNFIELD PASS, DECLINED.",Short,Left,1
(4:21) (SHOTGUN) 10-B.NIX PASS DEEP MIDDLE TO 14-C.SUTTON TO CAR 33 FOR 23 YARDS (2-M.JACKSON; 25-X.WOODS).,Medium,Middle,1
(:24) 10-B.NIX PASS SHORT RIGHT TO 82-A.TRAUTMAN RAN OB AT CAR 18 FOR 37 YARDS (36-D.RICHARDSON).,Short,Right,1
(15:00) (SHOTGUN) 10-B.NIX PASS SHORT LEFT TO 14-C.SUTTON TO CAR 11 FOR 7 YARDS (26-C.SMITH-WADE; 47-J.JEWELL).,Short,Left,1
(14:17) (SHOTGUN) 79-M.PEART REPORTED IN AS ELIGIBLE.  10-B.NIX PASS INCOMPLETE SHORT RIGHT.,Short,Right,0
(9:22) (SHOTGUN) 10-B.NIX PASS SHORT RIGHT TO 14-C.SUTTON TO DEN 16 FOR 6 YARDS (2-M.JACKSON).,Short,Right,1
"(6:56) (SHOTGUN) 10-B.NIX PASS DEEP RIGHT TO 82-A.TRAUTMAN FOR 19 YARDS, TOUCHDOWN.",Deep,Right,1
(4:41) 10-B.NIX PASS INCOMPLETE DEEP RIGHT TO 84-L.HUMPHREY.,Deep,Right,0
(4:35) (NO HUDDLE) 10-B.NIX PASS DEEP MIDDLE TO 14-C.SUTTON TO CAR 32 FOR 16 YARDS (36-D.RICHARDSON).,Medium,Middle,1
(11:15) (SHOTGUN) 10-B.NIX PASS SHORT RIGHT TO 19-M.MIMS TO DEN 40 FOR 8 YARDS (26-C.SMITH-WADE).,Short,Right,1
(10:39) (SHOTGUN) 10-B.NIX PASS INCOMPLETE DEEP LEFT TO 16-T.FRANKLIN.,Deep,Left,0
(14:35) (NO HUDDLE) 10-B.NIX PASS SHORT RIGHT INTENDED FOR 84-L.HUMPHREY INTERCEPTED BY 29-A.WASHINGTON AT DEN 37. 29-A.WASHINGTON TO DEN 36 FOR 1 YARD (84-L.HUMPHREY).,Short,Right,0
(11:36) (SHOTGUN) 10-B.NIX PASS SHORT RIGHT TO 82-A.TRAUTMAN PUSHED OB AT DEN 8 FOR 4 YARDS (44-M.HUMPHREY).,Short,Right,1
(10:56) (SHOTGUN) 10-B.NIX PASS SHORT LEFT TO 17-D.VELE TO DEN 13 FOR 5 YARDS (10-A.MAULET).,Short,Left,1
"(8:34) (NO HUDDLE, SHOTGUN) 10-B.NIX PASS DEEP LEFT TO 14-C.SUTTON TO DEN 47 FOR 26 YARDS (29-A.WASHINGTON).",Deep,Left,1
"(1:46) (NO HUDDLE, SHOTGUN) 10-B.NIX PASS INCOMPLETE SHORT LEFT TO 16-T.FRANKLIN (14-K.HAMILTON).",Short,Left,0
"(1:43) (NO HUDDLE, SHOTGUN) 10-B.NIX PASS SHORT MIDDLE TO 33-J.WILLIAMS TO BAL 39 FOR 34 YARDS (10-A.MAULET).",Short,Middle,1
"(11:22) (SHOTGUN) 10-B.NIX PASS SHORT LEFT TO 33-J.WILLIAMS TO DEN 40 FOR 8 YARDS (0-R.SMITH, 21-B.STEPHENS).",Short,Left,1
(10:38) 79-M.PEART REPORTED IN AS ELIGIBLE.  10-B.NIX PASS SHORT LEFT TO 16-T.FRANKLIN TO BAL 41 FOR 19 YARDS (21-B.STEPHENS).,Short,Left,1
(3:47) (SHOTGUN) 10-B.NIX PASS INCOMPLETE SHORT LEFT TO 17-D.VELE (23-T.SIMPSON).,Short,Left,0
"(3:41) (NO HUDDLE, SHOTGUN) 10-B.NIX PASS INCOMPLETE SHORT LEFT TO 33-J.WILLIAMS (96-B.WASHINGTON).",Short,Left,0
(3:37) (SHOTGUN) 10-B.NIX PASS DEEP LEFT TO 14-C.SUTTON TO BAL 37 FOR 33 YARDS (21-B.STEPHENS).,Deep,Left,1
"(12:44) (SHOTGUN) 10-B.NIX PASS SHORT RIGHT TO 17-D.VELE TO DEN 41 FOR 6 YARDS (14-K.HAMILTON). PENALTY ON BAL-14-K.HAMILTON, FACE MASK, 15 YARDS, ENFORCED AT DEN 41.",Short,Right,1
(3:56) (SHOTGUN) 10-B.NIX PASS DEEP LEFT TO 14-C.SUTTON TO BAL 28 FOR 26 YARDS (53-K.VAN NOY).,Deep,Left,1
(1:15) (SHOTGUN) 10-B.NIX PASS SHORT RIGHT TO 38-J.MCLAUGHLIN TO DEN 14 FOR -1 YARDS (14-K.HAMILTON).,Short,Right,1
(:28) (SHOTGUN) 10-B.NIX PASS INCOMPLETE DEEP LEFT TO 14-C.SUTTON.,Deep,Left,0
(:23) (SHOTGUN) 10-B.NIX PASS INCOMPLETE DEEP MIDDLE TO 19-M.MIMS.,Medium,Middle,0
(2:06) (SHOTGUN) 10-B.NIX PASS SHORT LEFT TO 17-D.VELE TO KC 40 FOR 12 YARDS (20-J.REID; 54-L.CHENAL).,Short,Left,1
"(8:33) (NO HUDDLE, SHOTGUN) 10-B.NIX PASS SHORT RIGHT TO 84-L.HUMPHREY PUSHED OB AT KC 40 FOR 20 YARDS (97-F.ANUDIKE-UZOMAH).",Short,Right,1
(1:44) (SHOTGUN) 10-B.NIX PASS SHORT LEFT TO 33-J.WILLIAMS TO DEN 31 FOR 1 YARD (21-J.HICKS).,Short,Left,1
"(1:20) (NO HUDDLE, SHOTGUN) 10-B.NIX PASS SHORT LEFT TO 14-C.SUTTON TO DEN 41 FOR 10 YARDS (22-T.MCDUFFIE).",Short,Left,1
"(:58) (NO HUDDLE, SHOTGUN) 10-B.NIX PASS SHORT RIGHT TO 16-T.FRANKLIN TO 50 FOR 9 YARDS (13-N.JOHNSON).",Short,Right,1
"(3:24) (NO HUDDLE, SHOTGUN) 10-B.NIX PASS SHORT RIGHT TO 85-L.KRULL TO DEN 44 FOR 10 YARDS (6-B.COOK).",Short,Right,1
(1:42) (SHOTGUN) 10-B.NIX PASS SHORT MIDDLE TO 17-D.VELE TO KC 43 FOR 8 YARDS (27-C.CONNER).,Short,Middle,1
(10:53) (SHOTGUN) 10-B.NIX PASS INCOMPLETE DEEP LEFT TO 16-T.FRANKLIN [20-J.REID].,Deep,Left,0
(5:19) (SHOTGUN) 10-B.NIX PASS SHORT LEFT TO 19-M.MIMS RAN OB AT DEN 48 FOR 6 YARDS (13-N.JOHNSON; 6-B.COOK).,Short,Left,1
(4:35) (SHOTGUN) 10-B.NIX PASS SHORT RIGHT TO 14-C.SUTTON TO KC 49 FOR 3 YARDS (27-C.CONNER).,Short,Right,1
(14:25) (SHOTGUN) 10-B.NIX PASS SHORT LEFT TO 14-C.SUTTON RAN OB AT DEN 47 FOR 16 YARDS.,Short,Left,1
(11:45) (SHOTGUN) 10-B.NIX PASS SHORT MIDDLE TO 33-J.WILLIAMS TO DEN 33 FOR 7 YARDS (53-N.LANDMAN; 55-K.ELLISS).,Short,Middle,1
(7:56) (SHOTGUN) 10-B.NIX PASS INCOMPLETE SHORT LEFT TO 17-D.VELE (35-N.BROOKS).,Short,Left,0
(2:04) (SHOTGUN) 10-B.NIX PASS DEEP RIGHT TO 14-C.SUTTON TO ATL 41 FOR 23 YARDS (24-A.TERRELL).,Deep,Right,1
"(13:36) (SHOTGUN) 10-B.NIX PASS SHORT RIGHT TO 17-D.VELE TO DEN 39 FOR 9 YARDS (18-J.JONES, 30-D.HOLMES). ** INJURY UPDATE: DEN-38-J.MCLAUGHLIN HAS RETURNED TO THE GAME.",Short,Right,1
(12:09) (SHOTGUN) 10-B.NIX PASS INCOMPLETE DEEP LEFT TO 16-T.FRANKLIN.,Deep,Left,0
(12:04) (SHOTGUN) 10-B.NIX PASS DEEP LEFT TO 17-D.VELE TO DEN 34 FOR 23 YARDS (20-I.POLA-MAO).,Deep,Left,1
(6:42) (SHOTGUN) 10-B.NIX PASS DEEP MIDDLE TO 16-T.FRANKLIN TO LV 40 FOR 26 YARDS (5-D.DEABLO; 20-I.POLA-MAO).,Medium,Middle,1
(13:37) (SHOTGUN) 10-B.NIX PASS INCOMPLETE SHORT LEFT TO 19-M.MIMS (49-C.SNOWDEN).,Short,Left,0
(6:54) (NO HUDDLE) 10-B.NIX PASS SHORT RIGHT TO 14-C.SUTTON TO DEN 29 FOR 19 YARDS (20-I.POLA-MAO) [98-M.CROSBY].,Short,Right,1
"(6:27) (NO HUDDLE, SHOTGUN) 10-B.NIX PASS SHORT LEFT TO 84-L.HUMPHREY PUSHED OB AT DEN 31 FOR 2 YARDS (25-D.RICHARDSON).",Short,Left,1
(5:26) (SHOTGUN) 10-B.NIX PASS SHORT LEFT TO 14-C.SUTTON TO DEN 43 FOR 9 YARDS (25-D.RICHARDSON).,Short,Left,1
(12:58) (SHOTGUN) 10-B.NIX PASS SHORT RIGHT TO 19-M.MIMS TO LV 26 FOR -3 YARDS (98-M.CROSBY).,Short,Right,1
(7:44) (SHOTGUN) 79-M.PEART REPORTED IN AS ELIGIBLE.  10-B.NIX PASS SHORT RIGHT TO 17-D.VELE PUSHED OB AT LV 44 FOR 11 YARDS (18-J.JONES).,Short,Right,1
(8:18) (SHOTGUN) 79-M.PEART REPORTED IN AS ELIGIBLE.  10-B.NIX PASS DEEP LEFT TO 14-C.SUTTON TO CLE 48 FOR 19 YARDS (58-J.HICKS; 21-D.WARD). CLE-9-G.DELPIT WAS INJURED DURING THE PLAY.,Deep,Left,1
(15:00) 10-B.NIX PASS INCOMPLETE SHORT RIGHT.,Short,Right,0
(14:57) (SHOTGUN) 10-B.NIX PASS SHORT LEFT TO 19-M.MIMS TO DEN 37 FOR 7 YARDS (33-R.HICKMAN; 43-M.DIABATE).,Short,Left,1
(6:03) (SHOTGUN) 10-B.NIX PASS DEEP RIGHT TO 17-D.VELE TO CLE 1 FOR 16 YARDS (58-J.HICKS).,Deep,Right,1
(10:34) (SHOTGUN) 10-B.NIX PASS INCOMPLETE DEEP LEFT TO 14-C.SUTTON.,Deep,Left,0
"(10:27) (SHOTGUN) 79-M.PEART REPORTED IN AS ELIGIBLE.  10-B.NIX PASS SHORT MIDDLE TO 16-T.FRANKLIN TO DEN 13 FOR 5 YARDS (58-J.HICKS; 43-M.DIABATE). PENALTY ON DEN-60-L.WATTENBERG, UNNECESSARY ROUGHNESS, 6 YARDS, ENFORCED AT DEN 13.",Short,Middle,1
(9:27) (SHOTGUN) 10-B.NIX PASS INCOMPLETE DEEP RIGHT TO 16-T.FRANKLIN.,Deep,Right,0
"(8:52) (NO HUDDLE, SHOTGUN) 10-B.NIX PASS SHORT MIDDLE TO 85-L.KRULL TO DEN 30 FOR 7 YARDS (58-J.HICKS).",Short,Middle,1
(5:58) 10-B.NIX PASS INCOMPLETE SHORT RIGHT.,Short,Right,0
(1:09) 10-B.NIX PASS INCOMPLETE SHORT LEFT.,Short,Left,0
"(13:26) (SHOTGUN) 10-B.NIX PASS INCOMPLETE DEEP LEFT TO 17-D.VELE. PENALTY ON CLE-23-M.EMERSON, DEFENSIVE PASS INTERFERENCE, 17 YARDS, ENFORCED AT DEN 37 - NO PLAY.",Deep,Left,0
(8:49) (SHOTGUN) 10-B.NIX PASS INCOMPLETE SHORT RIGHT.,Short,Right,0
"(8:43) (SHOTGUN) 10-B.NIX PASS SHORT RIGHT TO 38-J.MCLAUGHLIN TO DEN 30 FOR NO GAIN (9-G.DELPIT). PENALTY ON DEN-72-G.BOLLES, ILLEGAL FORMATION, DECLINED.",Short,Right,1
(5:46) (SHOTGUN) 10-B.NIX PASS DEEP LEFT TO 14-C.SUTTON PUSHED OB AT CLE 40 FOR 19 YARDS (23-M.EMERSON).,Deep,Left,1
"(4:39) (NO HUDDLE, SHOTGUN) 10-B.NIX PASS SHORT RIGHT TO 16-T.FRANKLIN TO CLE 1 FOR 23 YARDS (33-R.HICKMAN).",Short,Right,1
(10:16) (SHOTGUN) 79-M.PEART REPORTED IN AS ELIGIBLE.  10-B.NIX PASS SHORT RIGHT TO 19-M.MIMS RAN OB AT DEN 36 FOR 3 YARDS (41-G.STUARD).,Short,Right,1
(9:07) (SHOTGUN) 10-B.NIX PASS SHORT LEFT TO 14-C.SUTTON TO DEN 48 FOR 7 YARDS (40-J.JONES).,Short,Left,1
(12:57) (SHOTGUN) 10-B.NIX PASS SHORT LEFT TO 19-M.MIMS TO DEN 44 FOR NO GAIN (90-G.STEWART; 99-D.BUCKNER).,Short,Left,1
(2:04) (SHOTGUN) 10-B.NIX PASS SHORT LEFT TO 38-J.MCLAUGHLIN TO DEN 36 FOR 6 YARDS (44-Z.FRANKLIN).,Short,Left,1
(1:58) (SHOTGUN) 10-B.NIX PASS SHORT RIGHT TO 85-L.KRULL PUSHED OB AT DEN 31 FOR NO GAIN (33-S.WOMACK).,Short,Right,1
(11:42) (SHOTGUN) 10-B.NIX PASS SHORT MIDDLE TO 20-M.BURTON TO DEN 48 FOR 5 YARDS (0-D.HENLEY).,Short,Middle,1
(3:09) (SHOTGUN) 10-B.NIX PASS SHORT LEFT TO 33-J.WILLIAMS TO DEN 31 FOR 1 YARD (7-K.FULTON).,Short,Left,1
(2:24) (SHOTGUN) 10-B.NIX PASS INCOMPLETE SHORT LEFT TO 16-T.FRANKLIN.,Short,Left,0
"(15:00) 10-B.NIX PASS SHORT RIGHT TO 82-A.TRAUTMAN TO DEN 36 FOR 6 YARDS (20-N.CROSS; 90-G.STEWART). PENALTY ON IND-54-D.ODEYINGBO, DEFENSIVE HOLDING, 5 YARDS, ENFORCED AT DEN 30 - NO PLAY.",Short,Right,1
(14:35) (SHOTGUN) 10-B.NIX PASS SHORT RIGHT TO 16-T.FRANKLIN PUSHED OB AT DEN 41 FOR 6 YARDS (32-J.BLACKMON).,Short,Right,1
(9:33) 10-B.NIX PASS SHORT LEFT TO 23-A.ESTIME TO IND 49 FOR 5 YARDS (20-N.CROSS).,Short,Left,1
(12:19) 10-B.NIX PASS SHORT RIGHT TO 82-A.TRAUTMAN TO LAC 40 FOR 5 YARDS (36-J.TAYLOR).,Short,Right,1
(11:33) (SHOTGUN) 10-B.NIX PASS SHORT LEFT TO 45-N.ADKINS TO LAC 35 FOR 5 YARDS (45-T.TUIPULOTU).,Short,Left,1
(10:47) (SHOTGUN) 10-B.NIX PASS SHORT RIGHT TO 14-C.SUTTON TO LAC 30 FOR 5 YARDS (23-T.JEFFERSON; 25-J.COLSON).,Short,Right,1
(2:19) (SHOTGUN) 10-B.NIX PASS SHORT RIGHT TO 33-J.WILLIAMS TO DEN 32 FOR 3 YARDS (0-D.HENLEY).,Short,Right,1
(1:32) (SHOTGUN) 10-B.NIX PASS SHORT RIGHT TO 33-J.WILLIAMS TO DEN 33 FOR 1 YARD (3-D.JAMES).,Short,Right,1
(11:39) 10-B.NIX PASS INCOMPLETE SHORT LEFT [45-T.TUIPULOTU].,Short,Left,0
(10:51) (SHOTGUN) 10-B.NIX PASS INCOMPLETE DEEP RIGHT TO 19-M.MIMS (29-T.STILL).,Deep,Right,0
(5:17) (SHOTGUN) 10-B.NIX PASS SHORT MIDDLE TO 85-L.KRULL TO DEN 49 FOR 7 YARDS (3-D.JAMES).,Short,Middle,1
(2:27) (SHOTGUN) 10-B.NIX PASS SHORT RIGHT TO 14-C.SUTTON PUSHED OB AT DEN 41 FOR 11 YARDS (7-K.FULTON).,Short,Right,1
(2:23) (SHOTGUN) 10-B.NIX PASS SHORT RIGHT TO 16-T.FRANKLIN TO DEN 48 FOR 7 YARDS (0-D.HENLEY).,Short,Right,1
(1:54) (SHOTGUN) 10-B.NIX PASS INCOMPLETE SHORT RIGHT TO 33-J.WILLIAMS.,Short,Right,0
"(1:49) (SHOTGUN) 10-B.NIX PASS SHORT RIGHT TO 85-L.KRULL TO DEN 48 FOR 10 YARDS (7-K.FULTON, 0-D.HENLEY).",Short,Right,1
(8:50) (SHOTGUN) 10-B.NIX PASS SHORT RIGHT TO 33-J.WILLIAMS TO DEN 34 FOR 4 YARDS (90-T.TART).,Short,Right,1
(7:58) (SHOTGUN) 10-B.NIX PASS INCOMPLETE SHORT RIGHT TO 14-C.SUTTON (95-P.FORD).,Short,Right,0
(7:55) (SHOTGUN) 10-B.NIX PASS SHORT RIGHT TO 33-J.WILLIAMS TO DEN 41 FOR 12 YARDS (29-T.STILL).,Short,Right,1
(7:12) (SHOTGUN) 10-B.NIX PASS SHORT LEFT TO 19-M.MIMS PUSHED OB AT LAC 6 FOR 53 YARDS (3-D.JAMES).,Short,Left,1
(3:36) (SHOTGUN) 10-B.NIX PASS SHORT MIDDLE TO 14-C.SUTTON TO DEN 41 FOR 12 YARDS (29-T.STILL).,Short,Middle,1
(2:49) (SHOTGUN) 10-B.NIX PASS INCOMPLETE SHORT LEFT TO 17-D.VELE (33-D.LEONARD).,Short,Left,0
(2:38) (SHOTGUN) 10-B.NIX PASS SHORT RIGHT INTENDED FOR 14-C.SUTTON INTERCEPTED BY 57-G.PRATT AT CIN 39. 57-G.PRATT TO CIN 41 FOR 2 YARDS (33-J.WILLIAMS).,Short,Right,0
"(1:22) (NO HUDDLE, SHOTGUN) 10-B.NIX PASS SHORT LEFT TO 14-C.SUTTON PUSHED OB AT CIN 48 FOR 15 YARDS (29-C.TAYLOR-BRITT).",Short,Left,1
(9:36) (SHOTGUN) 10-B.NIX PASS SHORT LEFT TO 14-C.SUTTON PUSHED OB AT DEN 49 FOR 13 YARDS (29-C.TAYLOR-BRITT).,Short,Left,1
(6:03) (SHOTGUN) 10-B.NIX PASS SHORT LEFT TO 19-M.MIMS TO DEN 14 FOR 3 YARDS (21-M.HILTON).,Short,Left,1
(5:20) (SHOTGUN) 10-B.NIX PASS INCOMPLETE DEEP LEFT TO 16-T.FRANKLIN.,Deep,Left,0
"(14:36) (NO HUDDLE, SHOTGUN) 10-B.NIX PASS SHORT LEFT TO 19-M.MIMS RAN OB AT DEN 46 FOR 4 YARDS (22-G.STONE).",Short,Left,1
(13:59) 10-B.NIX PASS SHORT LEFT TO 23-A.ESTIME TO CIN 41 FOR 13 YARDS (93-M.JACKSON).,Short,Left,1
(9:53) (SHOTGUN) 10-B.NIX PASS INCOMPLETE SHORT RIGHT TO 14-C.SUTTON.,Short,Right,0
(1:56) (SHOTGUN) 10-B.NIX PASS SHORT LEFT TO 38-J.MCLAUGHLIN TO DEN 35 FOR 4 YARDS (57-G.PRATT; 59-A.DAVIS-GAITHER).,Short,Left,1
(2:33) (SHOTGUN) 10-B.NIX PASS INCOMPLETE SHORT LEFT TO 82-A.TRAUTMAN.,Short,Left,0
(5:43) 79-M.PEART REPORTED IN AS ELIGIBLE.  10-B.NIX PASS INCOMPLETE SHORT MIDDLE TO 82-A.TRAUTMAN (58-J.OSSAI).,Short,Middle,0
(5:39) (SHOTGUN) 10-B.NIX PASS SHORT RIGHT TO 45-N.ADKINS TO DEN 14 FOR 7 YARDS (91-T.HENDRICKSON).,Short,Right,1
(1:49) (SHOTGUN) 10-B.NIX PASS SHORT MIDDLE TO 14-C.SUTTON TO DEN 37 FOR 7 YARDS (59-A.DAVIS-GAITHER).,Short,Middle,1
(1:21) (SHOTGUN) 10-B.NIX PASS SHORT LEFT TO 16-T.FRANKLIN TO DEN 44 FOR -1 YARDS (91-T.HENDRICKSON).,Short,Left,1
"(:58) (NO HUDDLE, SHOTGUN) 10-B.NIX PASS SHORT MIDDLE TO 17-D.VELE TO CIN 45 FOR 11 YARDS (21-M.HILTON; 22-G.STONE).",Short,Middle,1
"(10:07) (NO HUDDLE, SHOTGUN) 10-B.NIX PASS SHORT LEFT TO 38-J.MCLAUGHLIN TO DEN 21 FOR 3 YARDS (44-CA.JONES; 27-C.CONNER).",Short,Left,1
(9:23) (SHOTGUN) 10-B.NIX PASS SHORT MIDDLE TO 84-L.HUMPHREY TO DEN 30 FOR 9 YARDS (13-N.JOHNSON).,Short,Middle,1
(12:03) (SHOTGUN) 10-B.NIX PASS SHORT RIGHT TO 17-D.VELE RAN OB AT DEN 30 FOR 10 YARDS (13-N.JOHNSON).,Short,Right,1
(7:50) (SHOTGUN) 10-B.NIX PASS SHORT MIDDLE TO 14-C.SUTTON TO DEN 35 FOR 7 YARDS (54-L.CHENAL).,Short,Middle,1
(6:27) (SHOTGUN) 10-B.NIX PASS SHORT LEFT TO 33-J.WILLIAMS PUSHED OB AT KC 41 FOR 25 YARDS (2-J.WILLIAMS).,Short,Left,1
(15:00) 10-B.NIX PASS SHORT RIGHT TO 84-L.HUMPHREY PUSHED OB AT KC 35 FOR 17 YARDS (6-B.COOK).,Short,Right,1
(15:00) 10-B.NIX PASS SHORT RIGHT TO 45-N.ADKINS TO DEN 42 FOR 12 YARDS (27-C.CONNER).,Short,Right,1
"(13:48) (SHOTGUN) 10-B.NIX PASS SHORT LEFT TO 16-T.FRANKLIN TO KC 47 FOR 7 YARDS (27-C.CONNER; 2-J.WILLIAMS). PENALTY ON KC-2-J.WILLIAMS, ILLEGAL USE OF HANDS, DECLINED.",Short,Left,1
(2:51) (SHOTGUN) 10-B.NIX PASS SHORT RIGHT TO 19-M.MIMS PUSHED OB AT DEN 17 FOR 6 YARDS (44-CA.JONES).,Short,Right,1
(6:39) (SHOTGUN) 10-B.NIX PASS SHORT LEFT TO 82-A.TRAUTMAN TO IND 23 FOR 7 YARDS (20-N.CROSS; 45-E.SPEED).,Short,Left,1
(9:42) (SHOTGUN) 10-B.NIX PASS SHORT LEFT TO 14-C.SUTTON TO DEN 41 FOR 5 YARDS (40-J.JONES).,Short,Left,1
(12:40) (SHOTGUN) 10-B.NIX PASS SHORT MIDDLE INTENDED FOR 16-T.FRANKLIN INTERCEPTED BY 0-G.NEWSOME (21-D.WARD) [95-M.GARRETT] AT CLE 33. 0-G.NEWSOME TO CLE 31 FOR -2 YARDS (17-D.VELE).,Short,Middle,0
(7:42) (SHOTGUN) 10-B.NIX PASS INCOMPLETE SHORT RIGHT TO 33-J.WILLIAMS.,Short,Right,0
(7:01) (SHOTGUN) 10-B.NIX PASS SHORT MIDDLE TO 85-L.KRULL TO CLE 34 FOR 12 YARDS (23-M.EMERSON).,Short,Middle,1
(14:30) (SHOTGUN) 10-B.NIX PASS INCOMPLETE SHORT MIDDLE TO 33-J.WILLIAMS.,Short,Middle,0
(:08) (SHOTGUN) 10-B.NIX PASS INCOMPLETE DEEP MIDDLE TO 19-M.MIMS.,Medium,Middle,0
(1:50) (SHOTGUN) 10-B.NIX PASS SHORT RIGHT TO 84-L.HUMPHREY TO DEN 35 FOR 5 YARDS (29-C.IZIEN).,Short,Right,1
"(9:50) (NO HUDDLE, SHOTGUN) 10-B.NIX PASS SHORT RIGHT TO 17-D.VELE TO DEN 40 FOR 4 YARDS (2-R.JENKINS).",Short,Right,1
(10:16) (SHOTGUN) 10-B.NIX PASS SHORT LEFT TO 38-J.MCLAUGHLIN TO DEN 36 FOR -2 YARDS (20-J.LOVE).,Short,Left,1
